{
    "name": "PL_UK_RF_JMPJOBDP_Incremental",
    "parameters": {
            "runDateJulian": {
                "type": "string",
                "defaultValue": "116"
            },
            "source": {
                "type": "string",
                "defaultValue": "CRS_STMDTA.JMPJOBDP"
            },
            "table": {
                "type": "string",
                "defaultValue": "tbl_JMPJOBDP_RF_Stage"
            },
            "location": {
                "type": "string",
                "defaultValue": "UK"
            },
            "bu": {
                "type": "string",
                "defaultValue": "RF"
            },
		       	"insertIntoAudit": {
                "type": "string",
                "defaultValue": "Insert into tbl_Audit (pipelineName, pipelineDateRun,src,tableName,lastUpdated,status,location,rowsRead,rowsCopied) values ("
            },
            "selectFrom": {
                "type": "String",
                "defaultValue": "Select trim(JBRECN) as JBRECN,trim(JBRSPL) as JBRSPL,trim(JBBYPD) as JBBYPD,trim(JBLEDG) as JBLEDG,trim(JBRECD) as JBRECD
                ,trim(JBCLSS) as JBCLSS,trim(JBWEST) as JBWEST,trim(JBSCRP) as JBSCRP,trim(JBUNAM) as JBUNAM,trim(JBTLED) as JBTLED
                ,trim(JBTRMC) as JBTRMC,trim(JBEFDT) as JBEFDT,trim(JBALNO) as JBALNO,trim(JBWPTY) as JBWPTY,trim(JBREFN) as JBREFN
                ,trim(JBSTLC) as JBSTLC,trim(JBSTAT) as JBSTAT,trim(JBBSTL) as JBBSTL,trim(JBBSTC) as JBBSTC,trim(JBIREL) as JBIREL
                ,trim(JBRELD) as JBRELD,trim(JBRPTD) as JBRPTD,trim(JBNOTE) as JBNOTE,trim(JBCDTE) as JBCDTE,trim(JBCSDT) as JBCSDT
                ,trim(JBJSDT) as JBJSDT,trim(JBW1DT) as JBW1DT,trim(JBW2DT) as JBW2DT,trim(JBPSDT) as JBPSDT,trim(JBW1NO) as JBW1NO
                ,trim(JBSEQW) as JBSEQW,trim(JBW2NO) as JBW2NO,trim(JBPSNO) as JBPSNO,trim(JBSEF1) as JBSEF1,trim(JBSEF2) as JBSEF2
                ,trim(JBCRDE) as JBCRDE,trim(JBACDT) as JBACDT,trim(JBCNOT) as JBCNOT,trim(JBCFLG) as JBCFLG,trim(JBRWYU) as JBRWYU
                ,JBNWTR as JBNWTR,trim(JBCALD) as JBCALD,trim(JBCAL2) as JBCAL2,trim(JBCAL3) as JBCAL3,trim(JBPLTA) as JBPLTA
                ,trim(JBPRCC) as JBPRCC,trim(JBTCP2) as JBTCP2,trim(JBPLC3) as JBPLC3,trim(JBJSAM) as JBJSAM,trim(JBSSAM) as JBSSAM,trim(JBREPB) as JBREPB
                ,trim(JBSSEF) as JBSSEF,trim(JBSEFS) as JBSEFS,trim(JBADI1) as JBADI1,trim(JBADI2) as JBADI2,trim(JBMEAN) as JBMEAN,trim(JBDELM) as JBDELM
                ,JBCONV as JBCONV,trim(JBCURR) as JBCURR,JBETRT as JBETRT,JBEREV as JBEREV,trim(JBCHEM) as JBCHEM,trim(JBLABA) as JBLABA
                ,trim(JBWPLC) as JBWPLC,trim(JBSUSP) as JBSUSP,trim(JBOJBR) as JBOJBR,trim(JBNOTR) as JBNOTR,trim(JBNORT) as JBNORT,trim(JBNOSS) as JBNOSS
                ,JBPARP as JBPARP,trim(JBBMC) as JBBMC,trim(JBCONT) as JBCONT,trim(JBBMAT) as JBBMAT,trim(JBLABS) as JBLABS,trim(JBSOLP) as JBSOLP
                ,trim(JBSPPM) as JBSPPM,trim(JBCHN2) as JBCHN2,trim(JBCHAN) as JBCHAN,trim(JBNOBY) as JBNOBY,trim(JBPUFL) as JBPUFL
                ,trim(JBSPLC) as JBSPLC,trim(JBASYC) as JBASYC,trim(JBASYF) as JBASYF,trim(JBSTFG) as JBSTFG,JBASCJ as JBASCJ,trim(JBSTKC) as JBSTKC
                ,trim(JBTMID) as JBTMID,trim(JBTMCD) as JBTMCD,trim(JBLTSD) as JBLTSD,trim(JBLTOV) as JBLTOV,trim(JBPGM) as JBPGM,trim(JBSDT) as JBSDT
                ,trim(JBSTM) as JBSTM,trim(JBUSR) as JBUSR,trim(JBMDF) as JBMDF,trim(JBCNV) as JBCNV
                from STMDTA.JMPJOBDP
				        Where trim(JBRECD) >= "
            },
             "keyColumns": {
             "type": "Array",
              "defaultValue": [
                "JBRECN",
                "JBRSPL",
                "JBLEDG",
                "JBRECD",
                "JBBYPD",
                "bu"
              ]
            },
            "preCopyScript": {
                "type": "String",
                "defaultValue": "UPDATE tbl_JMPJOBDP_RF_Stage SET status = 'I' where JBRECD >= "
                
            },
            "server": {
                "type": "String",
                "defaultValue": "5HA"
            }
        }
}