{
    "name": "PL_UK_NM_FHDETADD_Full",
    "parameters": {
            "runDateJulian": {
                "type": "string",
                "defaultValue": "16"
            },
            "source": {
                "type": "string",
                "defaultValue": "KBM214CDTA.FHDETADD"
            },
            "table": {
                "type": "string",
                "defaultValue": "tbl_FHDETADD_UK_NM_Stage"
            },
            "location": {
                "type": "string",
                "defaultValue": "UK"
            },
            "bu": {
                "type": "string",
                "defaultValue": "NM"
            },
			"insertIntoAudit": {
                "type": "string",
                "defaultValue": "Insert into tbl_Audit (pipelineName, pipelineDateRun,src,tableName,lastUpdated,status,location,rowsRead,rowsCopied) values ("
            },
            "selectFrom": {
                "type": "String",
                "defaultValue": "Select 
                 trim(DET.ODCOM) as ODCOM
                ,trim(DET.ODONO) as ODONO
                ,trim(DET.ODLINE) as ODLINE
                ,DET.ODPACK as ODPACK
                ,DET.ODIATA as ODIATA
                ,trim(DET.ODCERT) as ODCERT
                ,trim(DET.ODEXPL) as ODEXPL
                ,trim(DET.ODOGEL) as ODOGEL
                ,trim(DET.ODLCNO) as ODLCNO
                ,DET.ODCVAL as ODCVAL
                ,trim(DET.ODEXUM) as ODEXUM
                ,trim(DET.ODCCUR) as ODCCUR
                ,trim(DET.ODEXMO) as ODEXMO
                ,trim(DET.ODEXDA) as ODEXDA
                ,trim(DET.ODEXYR) as ODEXYR
                ,trim(DET.ODALPN) as ODALPN
                ,trim(DET.ODFMPN) as ODFMPN
                ,trim(DET.ODTOPN) as ODTOPN
                ,trim(DET.ODTOUM) as ODTOUM
                ,DET.ODTOQT as ODTOQT
                ,DET.ODTOUP as ODTOUP
                ,DET.ODTOTP as ODTOTP
                ,DET.ODFACT as ODFACT
                ,DET.ODLOTP as ODLOTP
                ,trim(DET.ODPTBA) as ODPTBA
                ,trim(DET.ODPSDS) as ODPSDS
                ,trim(DET.ODWOPR) as ODWOPR
                ,trim(DET.ODMETV) as ODMETV
                ,trim(DET.ODPCKQ) as ODPCKQ
                ,trim(DET.ODPUOM) as ODPUOM
                ,trim(DET.ODRSDO) as ODRSDO
                ,DET.ODIPR as ODIPR
                ,trim(DET.ODCER1) as ODCER1
                ,trim(DET.ODCER2) as ODCER2
                ,trim(DET.ODCER3) as ODCER3
                ,trim(DET.ODCER4) as ODCER4
                ,trim(DET.ODCER5) as ODCER5
                ,trim(DET.ODRPER) as ODRPER
                ,trim(DET.ODRFRE) as ODRFRE
                ,trim(DET.ODRIDY) as ODRIDY
                ,trim(DET.ODRIDM) as ODRIDM
                ,trim(DET.ODRIDD) as ODRIDD
                ,trim(DET.ODDB01) as ODDB01
                ,trim(DET.ODDB02) as ODDB02
                ,trim(DET.ODDB03) as ODDB03
                ,trim(DET.ODDB04) as ODDB04
                ,trim(DET.ODDB05) as ODDB05
                ,trim(DET.ODDB06) as ODDB06
                ,trim(DET.ODDB07) as ODDB07
                ,trim(DET.ODDB08) as ODDB08
                ,trim(DET.ODDB09) as ODDB09
                ,trim(DET.ODDB10) as ODDB10
                from KBM214CDTA.FHDETADD DET
                ,KBM214MFG.FHHDRMST HDR 
                where trim(HDR.CHODYR) >= '16'
				and trim(DET.ODCOM)= trim(HDR.CHCO)
                and trim(DET.ODONO)=trim(HDR.CHONO)"
            },
            "preCopyScript": {
                "type": "String",
                "defaultValue": "Truncate table tbl_FHDETADD_UK_NM_Stage"
                
            },
            "server": {
                "type": "String",
                "defaultValue": "4HA"
            }
        }
}