{
    "name": "PL_UK_CH_FHDETMST_Incremental",
    "parameters": {
            "runDateJulian": {
                "type": "string",
                "defaultValue": "2016"
            },
            "source": {
                "type": "string",
                "defaultValue": "CH3Y2KDTA.FHDETMST"
            },
            "table": {
                "type": "string",
                "defaultValue": "tbl_FHDETMST_UK_CH_Stage"
            },
            "location": {
                "type": "string",
                "defaultValue": "UK"
            },
            "bu": {
                "type": "string",
                "defaultValue": "CH"
            },
			"insertIntoAudit": {
                "type": "string",
                "defaultValue": "Insert into tbl_Audit (pipelineName, pipelineDateRun,src,tableName,lastUpdated,status,location,rowsRead,rowsCopied) values ("
            },
            "selectFrom": {
                "type": "String",
                "defaultValue": "Select 
				 trim(DET.CHCO) as CHCO
				,trim(DET.CDID) as CDID
				,trim(DET.CHONO) as CHONO
				,trim(DET.CDLINE) as CDLINE
				,trim(DET.CDBO) as CDBO
				,trim(DET.CDSTS) as CDSTS
				,trim(DET.CDORTP) as CDORTP
				,trim(DET.CDPOST) as CDPOST
				,trim(DET.CDWARR) as CDWARR
				,trim(DET.CDPN) as CDPN
				,trim(DET.CDDESC) as CDDESC
				,trim(DET.CNRSV1) as CNRSV1
				,DET.CDPRIC as CDPRIC
				,DET.CDQTY as CDQTY
				,trim(DET.CHODMO) as CHODMO
				,trim(DET.CHODDA) as CHODDA
				,trim(DET.CHODYR) as CHODYR
				,DET.CDSQTY as CDSQTY
				,trim(DET.CDLSYR) as CDLSYR
				,trim(DET.CDLSMO) as CDLSMO
				,trim(DET.CDLSDA) as CDLSDA
				,DET.CDQTLS as CDQTLS
				,trim(DET.CDNBSP) as CDNBSP
				,DET.CDQWSP as CDQWSP
				,DET.CDRSV2 as CDRSV2
				,trim(DET.CDRSV3) as CDRSV3
				,trim(DET.CDC01) as CDC01
				,trim(DET.CDC02) as CDC02
				,trim(DET.CDC03) as CDC03
				,trim(DET.CDC04) as CDC04
				,trim(DET.CDC05) as CDC05
				,trim(DET.CDC06) as CDC06
				,trim(DET.CDC07) as CDC07
				,trim(DET.CDC08) as CDC08
				,trim(DET.CDC09) as CDC09
				,trim(DET.CDC10) as CDC10
				,trim(DET.CDNOIV) as CDNOIV
				,trim(DET.CDIVPT) as CDIVPT
				,DET.CDQTIN as CDQTIN
				,trim(DET.CDNOSD) as CDNOSD
				,trim(DET.CDDTLD) as CDDTLD
				,trim(DET.CDSDPT) as CDSDPT
				,trim(DET.CDSNPN) as CDSNPN
				,trim(DET.SREQYR) as SREQYR
				,trim(DET.SREQMO) as SREQMO
				,trim(DET.SREQDA) as SREQDA
				,trim(DET.SPRMYR) as SPRMYR
				,trim(DET.SPRMMO) as SPRMMO
				,trim(DET.SPRMDA) as SPRMDA
				,trim(DET.SACTYR) as SACTYR
				,trim(DET.SACTMO) as SACTMO
				,trim(DET.SACTDA) as SACTDA
				,trim(DET.RESCHI) as RESCHI
				,trim(DET.RESCHO) as RESCHO
				,trim(DET.CDMCEM) as CDMCEM
				,trim(DET.CDMCTG) as CDMCTG
				,trim(DET.CDMCTR) as CDMCTR
				,trim(DET.CDMCID) as CDMCID
				,trim(DET.CDMCSA) as CDMCSA
				,trim(DET.CDMPEM) as CDMPEM
				,trim(DET.CDMPTG) as CDMPTG
				,trim(DET.CDMPTR) as CDMPTR
				,trim(DET.CDMPID) as CDMPID
				,trim(DET.CDMPSA) as CDMPSA
				,DET.CDUPRI as CDUPRI
				,DET.CDPQTY as CDPQTY
				,trim(DET.CDPKYR) as CDPKYR
				,trim(DET.CDPKMO) as CDPKMO
				,trim(DET.CDPKDA) as CDPKDA
				,trim(DET.CDWOYR) as CDWOYR
				,trim(DET.CDWOMO) as CDWOMO
				,trim(DET.CDWODA) as CDWODA
				,trim(DET.CDDSCD) as CDDSCD
				,DET.CDDISC as CDDISC
				,trim(DET.CDSCOD) as CDSCOD
				,DET.CDSPCT as CDSPCT
				,trim(DET.CDCSPN) as CDCSPN
				,trim(DET.CDAINV) as CDAINV
				,trim(DET.CDHTYP) as CDHTYP
				,DET.CDQTY1 as CDQTY1
				,DET.CDQTY2 as CDQTY2
				,DET.CDQTY3 as CDQTY3
				,trim(DET.CDDD1) as CDDD1
				,trim(DET.CDDD2) as CDDD2
				,trim(DET.CDDD3) as CDDD3
				,trim(DET.CDMM1) as CDMM1
				,trim(DET.CDMM2) as CDMM2
				,trim(DET.CDMM3) as CDMM3
				,trim(DET.CDYY1) as CDYY1
				,trim(DET.CDYY2) as CDYY2
				,trim(DET.CDYY3) as CDYY3
				,trim(DET.CDFLG1) as CDFLG1
				,trim(DET.CDFLG2) as CDFLG2
				,trim(DET.CDFLG3) as CDFLG3
				,DET.CDCBUR as CDCBUR
				,DET.CDCLAB as CDCLAB
				,DET.CDCMAT as CDCMAT
				,DET.CDCOPR as CDCOPR
				,DET.CDCVBR as CDCVBR
				,DET.CDFRGT as CDFRGT
				,trim(DET.CDFRCD) as CDFRCD
				,DET.CDFRIN as CDFRIN
				,DET.CDTAX as CDTAX
				,trim(DET.CDTXCD) as CDTXCD
				,DET.CDTXIN as CDTXIN
				,DET.CDMISC as CDMISC
				,trim(DET.CDMICD) as CDMICD
				,DET.CDMIIN as CDMIIN
				,trim(DET.CDCOM1) as CDCOM1
				,trim(DET.CDCOM2) as CDCOM2
				,trim(DET.CDCOM3) as CDCOM3
				,trim(DET.CHBTCN) as CHBTCN
				,trim(DET.CHACO) as CHACO
				,trim(DET.CDCONT) as CDCONT
				,DET.CDCCDS as CDCCDS
				,DET.CDCCDL as CDCCDL
				,DET.CDCODS as CDCODS
				,DET.CDCODL as CDCODL
				,DET.CDICDS as CDICDS
				,DET.CDICDL as CDICDL
				,DET.CDPPDS as CDPPDS
				,DET.CDPPDL as CDPPDL
				,DET.CDPQDS as CDPQDS
				,DET.CDPQDL as CDPQDL
				,DET.CDTSDS as CDTSDS
				,DET.CDTSDL as CDTSDL
				,trim(DET.CDMTXP) as CDMTXP
				,trim(DET.CDCCGL) as CDCCGL
				,trim(DET.CDCOGL) as CDCOGL
				,trim(DET.CDICGL) as CDICGL
				,trim(DET.CDPPGL) as CDPPGL
				,trim(DET.CDPQGL) as CDPQGL
				,trim(DET.CDTSGL) as CDTSGL
				,DET.CDCCRB as CDCCRB
				,DET.CDCORB as CDCORB
				,DET.CDICRB as CDICRB
				,DET.CDPPRB as CDPPRB
				,DET.CDPQRB as CDPQRB
				,DET.CDTSRB as CDTSRB
				,DET.CDCMTL as CDCMTL
				,DET.CDCFXM as CDCFXM
				,DET.CDCVRM as CDCVRM
				,DET.CDCUS1 as CDCUS1
				,DET.CDCUS2 as CDCUS2
				,trim(DET.CDFSTI) as CDFSTI
				,trim(DET.CDFSTC) as CDFSTC
				,trim(DET.CDEXMT) as CDEXMT
				,DET.CDMDPR as CDMDPR
				,trim(DET.CDTXIM) as CDTXIM
				,trim(DET.CDWHAR) as CDWHAR
				,DET.CDUPDM as CDUPDM
				,DET.CDPRDM as CDPRDM
				,trim(DET.CDVATC) as CDVATC
                from CH3Y2KDTA.FHDETMST DET
                ,CH3Y2KDTA.FHHDRMST HDR 
                where trim(HDR.CHODYR) >= '2016'
				and trim(DET.CHCO)=trim(HDR.CHCO)
				and trim(DET.CHONO)=trim(HDR.CHONO)"
            },
			"preCopyScript": {
				"type": "String",
				"defaultValue": "Update DET SET DET.status = 'I' from tbl_FHDETMST_UK_CH_Stage DET inner join tbl_FHHDRMST_UK_CH_Stage HDR  on 	trim(DET.CHCO) = trim(HDR.CHCO) and trim(DET.CHONO) = trim(HDR.CHONO) where trim(HDR.CHODYR) >= '2016'"

			},
			"keyColumns": {
                "type": "Array",
                "defaultValue": [
                    "CHCO",
                    "CHONO",
                    "CDLINE"
                ]
            },
            "server": {
                "type": "String",
                "defaultValue": "5HA"
            }
        }
}