{
    "name": "PL_US_RF_KBMWWDTA_JMJLOTP_Incremental",
        "parameters": {
            "runETLJulian": {
                "type": "string",
                "defaultValue": "116000"
            },
          "source": {
            "type": "string",
            "defaultValue": "KBM_KBMWWDTA.JMJLOTP"
          },
          "table": {
            "type": "string",
            "defaultValue": "tbl_JMJLOTP_US_RF_Stage"
          },
            "location": {
                "type": "string",
                "defaultValue": "US"
            },
            "compid": {
                "type": "string",
                "defaultValue": "('311')"
            },
            "bu": {
                "type": "string",
                "defaultValue": "NM"
            },
            "selectFrom": {
            "type": "String",
            "defaultValue": "select trim(JLRECN) as JLRECN,	trim(JLRSPL) as JLRSPL,	trim(JLBYPD) as JLBYPD,	trim(JLELEM) as JLELEM,	trim(JLALTN) as JLALTN,	trim(JLELSQ) as JLELSQ,	trim(JLMEAT) as JLMEAT,	trim(JLMEAC) as JLMEAC,	trim(JLCUSA) as JLCUSA,	trim(JLCUSC) as JLCUSC,	trim(JLSETA) as JLSETA,	trim(JLSELA) as JLSELA,	trim(JLSELC) as JLSELC,	trim(JLUMPA) as JLUMPA,	trim(JLUMPC) as JLUMPC,	trim(JLICPC) as JLICPC,	trim(JLPASC) as JLPASC,	trim(JLC100) as JLC100,	trim(JLFWGT) as JLFWGT,	trim(JLRPLS) as JLRPLS,	trim(JLPLQT) as JLPLQT,	trim(JLPRCV) as JLPRCV,	trim(JLPQTY) as JLPQTY,	trim(JLMIND) as JLMIND,	trim(JLMINC) as JLMINC,	trim(JLELTP) as JLELTP
                            from KBMWWDTA.JMJLOTP, KBMWWDTA.JMPJOBDN 
                             where trim(JBRECN) = trim(JLRECN) and trim(JBRSPL) = trim(JLRSPL) "
            },
            "preCopyScript": {
             "type": "String",
            "defaultValue": "UPDATE A SET A.status = 'I'FROM tbl_JMJLOTP_US_RF_Stage A INNER JOIN tbl_JMPJOBDN_US_RF_Stage B on B.JBRECN = A.JLRECN and B.JBRSPL = A.JLRSPL and B.bu = A.bu WHERE A.bu = 'NM' "
            },
             "keyColumns": {
             "type": "Array",
              "defaultValue": [
                "JLRECN",
                "JLRSPL",
                "JLELEM",
                "bu"
              ]
            },
             "server": {
             "type": "String",
             "defaultValue": "US"
    }
  }
}