{
    "name": "PL_UK_NM_FHMETDET_Incremental",
    "parameters": {
            "runDateJulian": {
                "type": "string",
                "defaultValue": "116"
            },
            "source": {
                "type": "string",
                "defaultValue": "KBM214CDTA.FHMETDET"
            },
            "table": {
                "type": "string",
                "defaultValue": "tbl_FHMETDET_UK_NM_Stage"
            },
            "location": {
                "type": "string",
                "defaultValue": "UK"
            },
            "bu": {
                "type": "string",
                "defaultValue": "NM"
            },
			"insertIntoAudit": {
                "type": "string",
                "defaultValue": "Insert into tbl_Audit (pipelineName, pipelineDateRun,src,tableName,lastUpdated,status,location,rowsRead,rowsCopied) values ("
            },
            "selectFrom": {
                "type": "String",
                "defaultValue": "Select trim(MDCO) as MDCO,trim(MDONO) as MDONO,trim(MDLINE) as MDLINE,trim(MDSEQ) as MDSEQ,trim(MDELEM) as MDELEM
                ,MDWGHT as MDWGHT,MDNWGT as MDNWGT,trim(MDACC) as MDACC,MDCAPR as MDCAPR,MDSAPR as MDSAPR,trim(MDMTDA) as MDMTDA
                ,trim(MDAMPM) as MDAMPM,trim(MDTIMM) as MDTIMM,trim(MDMNT) as MDMNT,trim(MDPCT) as MDPCT,trim(MDHPCT) as MDHPCT
                ,MDHCHG as MDHCHG,trim(MDCURR) as MDCURR,MDEXRT as MDEXRT,trim(MDBCUR) as MDBCUR,MDBEXR as MDBEXR,MDOLQT as MDOLQT
                ,trim(MDPGCR) as MDPGCR,MDADWG as MDADWG,trim(MDCVRD) as MDCVRD
                From KBM214CDTA.FHMETDET MDT
                ,KBM214MFG.FHHDRMST HDR 
                where trim(HDR.CHODYR) >= '16'
				and trim(MDT.MDCO)= trim(HDR.CHCO)
                and trim(MDT.MDONO)=trim(HDR.CHONO)"
            },
            "preCopyScript": {
                "type": "String",
                "defaultValue": "Update DET SET DET.status = 'I' from tbl_FHMETDET_UK_NM_Stage DET inner join tbl_FHHDRMST_UK_NM_Stage HDR on trim(DET.MDCO) = trim(HDR.CHCO) and trim(DET.MDONO) = trim(HDR.CHONO) where trim(HDR.CHODYR) >= '2016'"
                
            },
            "keyColumns": {
                "type": "Array",
                "defaultValue": [
                    "MDCO",
                    "MDONO",
                  "MDLINE",
                  "MDSEQ"
                ]
            },
            "server": {
                "type": "String",
                "defaultValue": "4HA"
            }
        }
}