{
  "name": "PL_US_RF_KBMWWDTA_LOGMSTV0_Full",
  "parameters": {
    "runETLJulian": {
      "type": "string",
      "defaultValue": "116000"
    },
    "source": {
      "type": "string",
      "defaultValue": "KBM_KBMWWDTA.LOGMSTV0"
    },
    "table": {
      "type": "string",
      "defaultValue": "tbl_LOGMSTV0_US_RF_Stage"
    },
    "location": {
      "type": "string",
      "defaultValue": "US"
    },
    "compid": {
      "type": "string",
      "defaultValue": "('311')"
    },
    "bu": {
      "type": "string",
      "defaultValue": "NM"
    },
    "selectFrom": {
      "type": "String",
      "defaultValue": "select trim(LMLOGNUM) as LMLOGNUM, trim(LMLOGSPL) as LMLOGSPL,REPLACE(LTRIM(REPLACE(TRIM(LMTRMLDG), '0', ' ')), ' ', '0') as  LMTRMLDG, trim(LMCUSSMP) as LMCUSSMP, trim(LMWITFLG) as LMWITFLG, trim(LMRCVUMS) as LMRCVUMS, trim(LMRCVWTN) as LMRCVWTN, trim(LMCUSREF) as LMCUSREF, trim(LMCSMWGT) as LMCSMWGT, trim(LMCONDSC) as LMCONDSC, trim(LMNUMCON) as LMNUMCON, trim(LMDRYWGT) as LMDRYWGT,  trim(LMMSTFCT) as LMMSTFCT,  trim(LMRLSDAT) AS LMRLSDAT, trim(LMSMPDAT) AS LMSMPDAT, REPLACE(LTRIM(REPLACE(TRIM(LMCUSALP), '0', ' ')), ' ', '0') as  LMCUSALP from  KBMWWDTA.LOGMSTV0"
    },
    "preCopyScript": {
      "defaultValue": "delete from  tbl_LOGMSTV0_US_RF_Stage where bu = 'NM'",
      "type": "String"
    }
  }
}
