{
    "name": "PL_UK_CH_KBM_FHCUSMST_Full",
        "parameters": {
            "table": {
                "type": "string",
                "defaultValue": "tbl_FHCUSMST_CH_Stage"
            },
            "source": {
                "type": "string",
                "defaultValue": "CH3Y2KDTA.FHCUSMST"
            },
            "location": {
                "type": "string",
                "defaultValue": "UK"
            },
            "compid": {
                "type": "string",
                "defaultValue": "'1', '129', '310', '312'"
            },
            "bu": {
                "type": "string",
                "defaultValue": "CH"
            },
            "insertIntoAudit": {
                "type": "string",
                "defaultValue": "Insert into tbl_Audit (pipelineName, pipelineDateRun,src,tableName,lastUpdated,status,location,rowsRead,rowsCopied) values ("
            },
            "selectFrom": {
                "type": "String",
                "defaultValue": "Select trim(CMAC) as CMAC, trim(CMACT) as CMACT, trim(CMADD1) as CMADD1, trim(CMADD2) as CMADD2, trim(CMADD3) as CMADD3, trim(CMAMLP) as CMAMLP, trim(CMAMTD) as CMAMTD, trim(CMARCN) as CMARCN, trim(CMAYTD) as CMAYTD, trim(CMBAC) as CMBAC, trim(CMBAD1) as CMBAD1, trim(CMBAD2) as CMBAD2, trim(CMBAD3) as CMBAD3, trim(CMBCCD) as CMBCCD, trim(CMBCOT) as CMBCOT, trim(CMBCTC) as CMBCTC, trim(CMBFAX) as CMBFAX, trim(CMBLCL) as CMBLCL, trim(CMBNAM) as CMBNAM, trim(CMBOSP) as CMBOSP, trim(CMBPHO) as CMBPHO, trim(CMBZIP) as CMBZIP, trim(CMCLAS) as CMCLAS, trim(CMCMTD) as CMCMTD, trim(CMCONT) as CMCONT, trim(CMCOUN) as CMCOUN, trim(CMCRSC) as CMCRSC, trim(CMCRST) as CMCRST, trim(CMCRTY) as CMCRTY, trim(CMCTCD) as CMCTCD, trim(CMCTYP) as CMCTYP, trim(CMCUR) as CMCUR, trim(CMCURR) as CMCURR, trim(CMCVAT) as CMCVAT, trim(CMCYTD) as CMCYTD, trim(CMDATE) as CMDATE, trim(CMDEL) as CMDEL, trim(CMDISC) as CMDISC, trim(CMDNO) as CMDNO, trim(CMDSCD) as CMDSCD, trim(CMDTLP) as CMDTLP, trim(CMEMP) as CMEMP, trim(CMFAX) as CMFAX, trim(CMFCCD) as CMFCCD, trim(CMFCTC) as CMFCTC, trim(CMFOB) as CMFOB, trim(CMFORC) as CMFORC, trim(CMID) as CMID, trim(CMLOC) as CMLOC, trim(CMLSCA) as CMLSCA, trim(CMMTXP) as CMMTXP, trim(CMNAME) as CMNAME, REPLACE(LTRIM(REPLACE(TRIM(CMNO), '0', ' ')), ' ', '0') as CMNO, trim(CMPBAL) as CMPBAL, trim(CMPHON) as CMPHON, trim(CMPTIV) as CMPTIV, trim(CMPTSP) as CMPTSP, trim(CMPTST) as CMPTST, trim(CMREGN) as CMREGN, trim(CMSAC) as CMSAC, trim(CMSAD1) as CMSAD1, trim(CMSAD2) as CMSAD2, trim(CMSAD3) as CMSAD3, trim(CMSCCD) as CMSCCD, trim(CMSCOD) as CMSCOD, trim(CMSCOT) as CMSCOT, trim(CMSCPL) as CMSCPL, trim(CMSCTC) as CMSCTC, trim(CMSFAX) as CMSFAX, trim(CMSLLY) as CMSLLY, trim(CMSLMT) as CMSLMT, trim(CMSLSM) as CMSLSM, trim(CMSLYR) as CMSLYR, trim(CMSNAM) as CMSNAM, trim(CMSORT) as CMSORT, trim(CMSPCN) as CMSPCN, trim(CMSPHO) as CMSPHO, trim(CMSPMT) as CMSPMT, trim(CMSTAT) as CMSTAT, trim(CMSTNO) as CMSTNO, trim(CMSZIP) as CMSZIP, trim(CMTAX1) as CMTAX1, trim(CMTAX2) as CMTAX2, trim(CMTAX3) as CMTAX3, trim(CMTAX4) as CMTAX4, trim(CMTDUE) as CMTDUE, trim(CMTER) as CMTER, trim(CMTRMS) as CMTRMS, trim(CMTSCP) as CMTSCP, trim(CMWHAR) as CMWHAR, trim(CMXCNO) as CMXCNO, trim(CMZIP) as CMZIP, trim(CM0120) as CM0120, trim(CM030) as CM030, trim(CM060) as CM060, trim(CM090) as CM090, REPLACE(LTRIM(REPLACE(TRIM(COCO), '0', ' ')), ' ', '0') as COCO   From CH3Y2KDTA.FHCUSMST  Where REPLACE(LTRIM(REPLACE(TRIM(COCO), '0', ' ')), ' ', '0') in ('1', '129', '310', '312')"
            },
            "preCopyScript": {
                "type": "String",
                "defaultvalue": "Delete from tbl_FHCUSMST_CH_Stage where COCO in ('1', '129', '310', '312') and location = 'UK'"
            },
            "server": {
                "type": "String",
                "defaultValue": "5HA"
            }
        }
}