{
    "name": "PL_US_NM_KBM400DTA_FHDETMST_Full",
        "parameters": {
            "runETLJulian": {
                "type": "string",
                "defaultValue": "116000"
            },
            "source": {
                "type": "string",
                "defaultValue": "KBM400DTA.FHDETMST"
            },
            "table": {
                "type": "string",
                "defaultValue": "tbl_FHDETMST_US_NM_Stage"
            },
            "location": {
                "type": "string",
                "defaultValue": "US"
            },
            "bu": {
                "type": "string",
                "defaultValue": "NM"
            },
            "compid": {
                "type": "string",
                "defaultValue": "'311'"
            },
            "selectFrom": {
                "type": "String",
                "defaultValue": "SELECT TRIM(L.CDBO) as CDBO, TRIM(L.CDBSTS) as CDBSTS, TRIM(L.CDBTYP) as CDBTYP, TRIM(L.CDCBUR) as CDCBUR, TRIM(L.CDCCDL) as CDCCDL, TRIM(L.CDCCDS) as CDCCDS, TRIM(L.CDCCGL) as CDCCGL, TRIM(L.CDCCRB) as CDCCRB, TRIM(L.CDCFXM) as CDCFXM, TRIM(L.CDCLAB) as CDCLAB, TRIM(L.CDCMAT) as CDCMAT, TRIM(L.CDCMTL) as CDCMTL, TRIM(L.CDCODL) as CDCODL, TRIM(L.CDCODS) as CDCODS, TRIM(L.CDCOGL) as CDCOGL, TRIM(L.CDCOM1) as CDCOM1, TRIM(L.CDCOM2) as CDCOM2, TRIM(L.CDCOM3) as CDCOM3, TRIM(L.CDCONT) as CDCONT, TRIM(L.CDCOPR) as CDCOPR, TRIM(L.CDCORB) as CDCORB, TRIM(L.CDCSPN) as CDCSPN, TRIM(L.CDCUOM) as CDCUOM, TRIM(L.CDCUS1) as CDCUS1, TRIM(L.CDCUS2) as CDCUS2, TRIM(L.CDCVBR) as CDCVBR, TRIM(L.CDCVRM) as CDCVRM, TRIM(L.CDC01) as CDC01, TRIM(L.CDC02) as CDC02, TRIM(L.CDC03) as CDC03, TRIM(L.CDC04) as CDC04, TRIM(L.CDC05) as CDC05, TRIM(L.CDC06) as CDC06, TRIM(L.CDC07) as CDC07, TRIM(L.CDC08) as CDC08, TRIM(L.CDC09) as CDC09, TRIM(L.CDC10) as CDC10, TRIM(L.CDDESC) as CDDESC, TRIM(L.CDDISC) as CDDISC, TRIM(L.CDDSCD) as CDDSCD, TRIM(L.CDDTLD) as CDDTLD, TRIM(L.CDEXMT) as CDEXMT, TRIM(L.CDFLG1) as CDFLG1, TRIM(L.CDFRCD) as CDFRCD, TRIM(L.CDFRGT) as CDFRGT, TRIM(L.CDFRIN) as CDFRIN, TRIM(L.CDFSTC) as CDFSTC, TRIM(L.CDFSTI) as CDFSTI, TRIM(L.CDGLCD) as CDGLCD, TRIM(L.CDHTYP) as CDHTYP, TRIM(L.CDICDL) as CDICDL, TRIM(L.CDICDS) as CDICDS, TRIM(L.CDICGL) as CDICGL, TRIM(L.CDICRB) as CDICRB, TRIM(L.CDID) as CDID, TRIM(L.CDLINE) as CDLINE, TRIM(L.CDLSCT) as CDLSCT, TRIM(L.CDLSDA) as CDLSDA, TRIM(L.CDLSMO) as CDLSMO, TRIM(L.CDLSYR) as CDLSYR, TRIM(L.CDMDPR) as CDMDPR, TRIM(L.CDMICD) as CDMICD, TRIM(L.CDMIIN) as CDMIIN, TRIM(L.CDMISC) as CDMISC, TRIM(L.CDMTXP) as CDMTXP, TRIM(L.CDNBSP) as CDNBSP, TRIM(L.CDNOSD) as CDNOSD, TRIM(L.CDORTP) as CDORTP, TRIM(L.CDPGRP) as CDPGRP, TRIM(L.CDPN) as CDPN, TRIM(L.CDPOST) as CDPOST, TRIM(L.CDPPDL) as CDPPDL, TRIM(L.CDPPDS) as CDPPDS, TRIM(L.CDPPGL) as CDPPGL, TRIM(L.CDPPRB) as CDPPRB, TRIM(L.CDPQDL) as CDPQDL, TRIM(L.CDPQDS) as CDPQDS, TRIM(L.CDPQGL) as CDPQGL, TRIM(L.CDPQRB) as CDPQRB, TRIM(L.CDPQTY) as CDPQTY, TRIM(L.CDPRDM) as CDPRDM, TRIM(L.CDPRIC) as CDPRIC, TRIM(L.CDPRJ) as CDPRJ, TRIM(L.CDPRSC) as CDPRSC, TRIM(L.CDQTIN) as CDQTIN, TRIM(L.CDQTLS) as CDQTLS, TRIM(L.CDQTY) as CDQTY, TRIM(L.CDQWSP) as CDQWSP, TRIM(L.CDSCOD) as CDSCOD, TRIM(L.CDSDPT) as CDSDPT, TRIM(L.CDSPCT) as CDSPCT, TRIM(L.CDSQTY) as CDSQTY, TRIM(L.CDSTS) as CDSTS, TRIM(L.CDTAX) as CDTAX, TRIM(L.CDTSDL) as CDTSDL, TRIM(L.CDTSDS) as CDTSDS, TRIM(L.CDTSGL) as CDTSGL, TRIM(L.CDTSRB) as CDTSRB, TRIM(L.CDTXCD) as CDTXCD, TRIM(L.CDTXIM) as CDTXIM, TRIM(L.CDTXIN) as CDTXIN, TRIM(L.CDUPDM) as CDUPDM, TRIM(L.CDUPRI) as CDUPRI, TRIM(L.CDVATC) as CDVATC, TRIM(L.CDWHAR) as CDWHAR, TRIM(L.CHACO) as CHACO, TRIM(L.CHBTCN) as CHBTCN, TRIM(L.CHCO) as CHCO, TRIM(L.CHODCT) as CHODCT, TRIM(L.CHODDA) as CHODDA, TRIM(L.CHODMO) as CHODMO, TRIM(L.CHODYR) as CHODYR, TRIM(L.CHONO) as CHONO, TRIM(L.SACTCT) as SACTCT, TRIM(L.SACTDA) as SACTDA, TRIM(L.SACTMO) as SACTMO, TRIM(L.SACTYR) as SACTYR, TRIM(L.SPRMCT) as SPRMCT, TRIM(L.SPRMDA) as SPRMDA, TRIM(L.SPRMMO) as SPRMMO, TRIM(L.SPRMYR) as SPRMYR, TRIM(L.SREQCT) as SREQCT, TRIM(L.SREQDA) as SREQDA, TRIM(L.SREQMO) as SREQMO, TRIM(L.SREQYR) as SREQYR FROM KBM400DTA.FHDETMST L INNER JOIN KBM400DTA.FHHDRMST M ON TRIM(L.CHBTCN) = TRIM(M.CHBTCN) AND TRIM(L.CHCO) = TRIM(M.CHCO) AND TRIM(M.CHONO) = TRIM(L.CHONO) AND TRIM(M.CHCO) in ('311') AND TRIM(M.CHORYR) >= 16"
            },
            "preCopyScript": {
                "type": "String",
                "defaultValue": "TRUNCATE TABLE tbl_FHDETMST_US_NM_Stage "
            },
            "server": {
                "type": "String",
                "defaultValue": "US"
            }
        }
}