{
    "name": "PL_UK_RF_AccountMaster_Incremental",
        "parameters": {
            "table": {
                "type": "string",
                "defaultValue": "tbl_AccountMaster"
            },
            "source": {
                "type": "string",
                "defaultValue": "SQL"
            },
            "location": {
                "type": "string",
                "defaultValue": "UK"
            },
            "bu": {
                "type": "string",
                "defaultValue": "RF"
            },
            "selectFrom": {
                "type": "String",
                "defaultValue": "SELECT cast('111111' as int) as custNum, ab.bu, 'Refining UK' as custName, ab.CMLEDG as accountID, ab.CMSNAM as accountName,  ab.location as location, 'Metal' as accountTypeCode, 'UK_ROY' as procLocCode From tbl_JMCUSTP_RF_Stage as ab Where "
			},
            "preCopyScript": {
                "type": "String",
                "defaultValue": ""
            },
            "server": {
                "type": "String",
                "defaultValue": ""
            },
			"lookupQuery": {
				"type": "String",
				"defaultValue": "Select lastRunDateUS, lastRuntimeUS, FYUS, lastRunDateUK, lastRuntimeUK, FYUK From dbo.UDF_LastRunDateTimeGeoJulian('PL_UK_RF_AccountMaster_Incremental')"
			},
			"lastUpdatedDate": {
				"type": "String",
				"defaultValue": " CMSDT >= "
			},
			"lastUpdatedTime": {
				"type": "String",
				"defaultValue": " and CMSTM >= "
			},
			"keyColumns": {
				"type": "Array",
				"defaultValue": [
					"accountId",
					"bu",
					"location",
					"custNum",
					"accountTypeCode"
				]
			}
        }
}