{
  "name": "PL_US_RF_KBMWWDTA_JMJLOTP_Full",
  "parameters": {
    "runETLJulian": {
      "type": "string",
      "defaultValue": "116000"
    },
    "source": {
      "type": "string",
      "defaultValue": "KBM_KBMWWDTA.JMJLOTP"
    },
    "table": {
      "type": "string",
      "defaultValue": "tbl_JMJLOTP_US_RF_Stage"
    },
    "location": {
      "type": "string",
      "defaultValue": "US"
    },
    "compid": {
      "type": "string",
      "defaultValue": "('311')"
    },
    "bu": {
      "type": "string",
      "defaultValue": "NM"
    },
    "selectFrom": {
      "type": "String",
      "defaultValue": " SELECT trim(JLRECN) as JLRECN,	trim(JLRSPL) as JLRSPL,	trim(JLBYPD) as JLBYPD,	trim(JLELEM) as JLELEM,	trim(JLALTN) as JLALTN,	trim(JLELSQ) as JLELSQ,	trim(JLMEAT) as JLMEAT,	trim(JLMEAC) as JLMEAC,	trim(JLCUSA) as JLCUSA,	trim(JLCUSC) as JLCUSC,	trim(JLSETA) as JLSETA,	trim(JLSELA) as JLSELA,	trim(JLSELC) as JLSELC,	trim(JLUMPA) as JLUMPA,	trim(JLUMPC) as JLUMPC,	trim(JLICPC) as JLICPC,	trim(JLPASC) as JLPASC,	trim(JLC100) as JLC100,	trim(JLFWGT) as JLFWGT,	trim(JLRPLS) as JLRPLS,	trim(JLPLQT) as JLPLQT,	trim(JLPRCV) as JLPRCV,	trim(JLPQTY) as JLPQTY,	trim(JLMIND) as JLMIND,	trim(JLMINC) as JLMINC,	trim(JLELTP) as JLELTP  from KBMWWDTA.JMJLOTP"
    },
    "preCopyScript": {
      "defaultValue": "delete from  tbl_JMJLOTP_US_RF_Stage  where bu = 'NM' ",
      "type": "String"
    }
  }
}  