{
    "name": "PL_UK_NM_FHDETMST_Incremental",
    "parameters": {
            "runDateJulian": {
                "type": "string",
                "defaultValue": "16"
            },
            "source": {
                "type": "string",
                "defaultValue": "KBM214MFG.FHDETMST"
            },
            "table": {
                "type": "string",
                "defaultValue": "tbl_FHDETMST_UK_NM_Stage"
            },
            "location": {
                "type": "string",
                "defaultValue": "UK"
            },
            "bu": {
                "type": "string",
                "defaultValue": "NM"
            },
			"insertIntoAudit": {
                "type": "string",
                "defaultValue": "Insert into tbl_Audit (pipelineName, pipelineDateRun,src,tableName,lastUpdated,status,location,rowsRead,rowsCopied) values ("
            },
            "selectFrom": {
                "type": "String",
                "defaultValue": "Select 
				 trim(DET.CDBO) as CDBO
				,trim(DET.CDBSTS) as CDBSTS
				,trim(DET.CDBTYP) as CDBTYP
				,DET.CDCBUR as CDCBUR
				,DET.CDCCDL as CDCCDL
				,DET.CDCCDS as CDCCDS
				,trim(DET.CDCCGL) as CDCCGL
				,DET.CDCCRB as CDCCRB
				,DET.CDCFXM as CDCFXM
				,DET.CDCLAB as CDCLAB
				,DET.CDCMAT as CDCMAT
				,DET.CDCMTL as CDCMTL
				,DET.CDCODL as CDCODL
				,DET.CDCODS as CDCODS
				,trim(DET.CDCOGL) as CDCOGL
				,trim(DET.CDCOM1) as CDCOM1
				,trim(DET.CDCOM2) as CDCOM2
				,trim(DET.CDCOM3) as CDCOM3
				,trim(DET.CDCONT) as CDCONT
				,DET.CDCOPR as CDCOPR
				,DET.CDCORB as CDCORB
				,trim(DET.CDCSPN) as CDCSPN
				,trim(DET.CDCUOM) as CDCUOM
				,DET.CDCUS1 as CDCUS1
				,DET.CDCUS2 as CDCUS2
				,DET.CDCVBR as CDCVBR
				,DET.CDCVRM as CDCVRM
				,trim(DET.CDC01) as CDC01
				,trim(DET.CDC02) as CDC02
				,trim(DET.CDC03) as CDC03
				,trim(DET.CDC04) as CDC04
				,trim(DET.CDC05) as CDC05
				,trim(DET.CDC06) as CDC06
				,trim(DET.CDC07) as CDC07
				,trim(DET.CDC08) as CDC08
				,trim(DET.CDC09) as CDC09
				,trim(DET.CDC10) as CDC10
				,trim(DET.CDDESC) as CDDESC
				,DET.CDDISC as CDDISC
				,trim(DET.CDDSCD) as CDDSCD
				,trim(DET.CDDTLD) as CDDTLD
				,trim(DET.CDEXMT) as CDEXMT
				,trim(DET.CDFLG1) as CDFLG1
				,trim(DET.CDFRCD) as CDFRCD
				,DET.CDFRGT as CDFRGT
				,DET.CDFRIN as CDFRIN
				,trim(DET.CDFSTC) as CDFSTC
				,trim(DET.CDFSTI) as CDFSTI
				,trim(DET.CDGLCD) as CDGLCD
				,trim(DET.CDHTYP) as CDHTYP
				,DET.CDICDL as CDICDL
				,DET.CDICDS as CDICDS
				,trim(DET.CDICGL) as CDICGL
				,DET.CDICRB as CDICRB
				,trim(DET.CDID) as CDID
				,trim(DET.CDLINE) as CDLINE
				,trim(DET.CDLSCT) as CDLSCT
				,trim(DET.CDLSDA) as CDLSDA
				,trim(DET.CDLSMO) as CDLSMO
				,trim(DET.CDLSYR) as CDLSYR
				,DET.CDMDPR as CDMDPR
				,trim(DET.CDMICD) as CDMICD
				,DET.CDMIIN as CDMIIN
				,DET.CDMISC as CDMISC
				,trim(DET.CDMTXP) as CDMTXP
				,trim(DET.CDNBSP) as CDNBSP
				,trim(DET.CDNOSD) as CDNOSD
				,trim(DET.CDORTP) as CDORTP
				,trim(DET.CDPGRP) as CDPGRP
				,trim(DET.CDPN) as CDPN
				,trim(DET.CDPOST) as CDPOST
				,DET.CDPPDL as CDPPDL
				,DET.CDPPDS as CDPPDS
				,trim(DET.CDPPGL) as CDPPGL
				,DET.CDPPRB as CDPPRB
				,DET.CDPQDL as CDPQDL
				,DET.CDPQDS as CDPQDS
				,trim(DET.CDPQGL) as CDPQGL
				,DET.CDPQRB as CDPQRB
				,DET.CDPQTY as CDPQTY
				,DET.CDPRDM as CDPRDM
				,DET.CDPRIC as CDPRIC
				,trim(DET.CDPRJ) as CDPRJ
				,trim(DET.CDPRSC) as CDPRSC
				,DET.CDQTIN as CDQTIN
				,DET.CDQTLS as CDQTLS
				,DET.CDQTY as CDQTY
				,DET.CDQWSP as CDQWSP
				,trim(DET.CDSCOD) as CDSCOD
				,trim(DET.CDSDPT) as CDSDPT
				,DET.CDSPCT as CDSPCT
				,DET.CDSQTY as CDSQTY
				,trim(DET.CDSTS) as CDSTS
				,DET.CDTAX as CDTAX
				,DET.CDTSDL as CDTSDL
				,DET.CDTSDS as CDTSDS
				,trim(DET.CDTSGL) as CDTSGL
				,DET.CDTSRB as CDTSRB
				,trim(DET.CDTXCD) as CDTXCD
				,trim(DET.CDTXIM) as CDTXIM
				,DET.CDTXIN as CDTXIN
				,DET.CDUPDM as CDUPDM
				,DET.CDUPRI as CDUPRI
				,trim(DET.CDVATC) as CDVATC
				,trim(DET.CDWHAR) as CDWHAR
				,trim(DET.CHACO) as CHACO
				,trim(DET.CHBTCN) as CHBTCN
				,trim(DET.CHCO) as CHCO
				,trim(DET.CHODCT) as CHODCT
				,trim(DET.CHODDA) as CHODDA
				,trim(DET.CHODMO) as CHODMO
				,trim(DET.CHODYR) as CHODYR
				,trim(DET.CHONO) as CHONO
				,trim(DET.SACTCT) as SACTCT
				,trim(DET.SACTDA) as SACTDA
				,trim(DET.SACTMO) as SACTMO
				,trim(DET.SACTYR) as SACTYR
				,trim(DET.SPRMCT) as SPRMCT
				,trim(DET.SPRMDA) as SPRMDA
				,trim(DET.SPRMMO) as SPRMMO
				,trim(DET.SPRMYR) as SPRMYR
				,trim(DET.SREQCT) as SREQCT
				,trim(DET.SREQDA) as SREQDA
				,trim(DET.SREQMO) as SREQMO
				,trim(DET.SREQYR) as SREQYR
                from KBM214MFG.FHDETMST DET
                ,KBM214MFG.FHHDRMST HDR 
                where trim(HDR.CHODYR) >= '16'
				and trim(DET.CHCO)= trim(HDR.CHCO)
                and trim(DET.CHONO)=trim(HDR.CHONO)"
            },
            "preCopyScript": {
                "type": "String",
                "defaultValue": "Update DET SET DET.status = 'I' from tbl_FHDETMST_UK_NM_Stage DET inner join tbl_FHHDRMST_UK_NM_Stage HDR on trim(DET.CHCO) = trim(HDR.CHCO) and trim(DET.CHONO) = trim(HDR.CHONO) where trim(HDR.CHODYR) >= '2016'"
                
            },
            "keyColumns": {
                "type": "Array",
                "defaultValue": [
                    "CHCO",
									"CHONO",
									"CHBTCN",
                  "CDLINE"
                  
                ]
            },
						"server": {
                "type": "String",
                "defaultValue": "4HA"
            }
        }
}