{
    "name": "PL_US_NM_KBM400MDTA_FHOWNDTL_Full",
        "parameters": {
            "runETLJulian": {
                "type": "string",
                "defaultValue": "116000"
            },
            "source": {
                "type": "string",
                "defaultValue": "KBM400MDTA_FHOWNDTL"
            },
            "table": {
                "type": "string",
                "defaultValue": "tbl_FHOWNDTL_US_NM_Stage"
            },
            "location": {
                "type": "string",
                "defaultValue": "US"
            },
            "bu": {
                "type": "string",
                "defaultValue": "NM"
            },
            "compid": {
                "type": "string",
                "defaultValue": "('315', '310', '311')"
            },
            "selectFrom": {
                "type": "String",
                "defaultValue": "SELECT TRIM(ODCO) as ODCO, TRIM(ODONO) as ODONO, TRIM(ODITM) as ODITM, TRIM(ODALOY) as ODALOY, TRIM(ODELEM) as ODELEM, TRIM(ODWGHT) as ODWGHT, TRIM(ODTNAC) as ODTNAC, TRIM(ODBLAC) as ODBLAC, TRIM(ODCODE) as ODCODE, TRIM(ODACSN) as ODACSN, TRIM(ODCTCN) as ODCTCN, TRIM(ODCTMO) as ODCTMO, TRIM(ODCTDA) as ODCTDA, TRIM(ODCTYR) as ODCTYR, TRIM(ODTIMC) as ODTIMC, TRIM(ODCRT) as ODCRT, TRIM(ODMTCN) as ODMTCN, TRIM(ODMTMO) as ODMTMO, TRIM(ODMTDA) as ODMTDA, TRIM(ODMTYR) as ODMTYR, TRIM(ODTIMM) as ODTIMM, TRIM(ODMNT) as ODMNT, TRIM(ODCGST) as ODCGST, TRIM(ODCGCN) as ODCGCN, TRIM(ODRCID) as ODRCID, TRIM(ODPCT) as ODPCT, TRIM(ODSEQ) as ODSEQ, TRIM(ODSORT) as ODSORT, TRIM(ODSWG) as ODSWG, TRIM(ODSWGT) as ODSWGT, TRIM(ODSWGA) as ODSWGA, TRIM(ODIWG) as ODIWG, TRIM(ODIWGT) as ODIWGT, TRIM(ODIWGA) as ODIWGA FROM KBM400MDTA.FHOWNDTL WHERE TRIM(ODCO) in ('315', '310', '311') and TRIM(ODCTYR) >= 16"
            },
            "preCopyScript": {
                "type": "String",
                "defaultValue": "TRUNCATE TABLE tbl_FHOWNDTL_US_NM_Stage"
            },
            "server": {
                "type": "String",
                "defaultValue": "US"
            }
        }
}