{
    "name": "PL_UK_NM_FHHDRMST_Full",
    "parameters": {
            "runDateJulian": {
                "type": "string",
                "defaultValue": "16"
            },
            "source": {
                "type": "string",
                "defaultValue": "KBM214MFG.FHHDRMST"
            },
            "table": {
                "type": "string",
                "defaultValue": "tbl_FHHDRMST_UK_NM_Stage"
            },
            "location": {
                "type": "string",
                "defaultValue": "UK"
            },
            "bu": {
                "type": "string",
                "defaultValue": "NM"
            },
			"insertIntoAudit": {
                "type": "string",
                "defaultValue": "Insert into tbl_Audit (pipelineName, pipelineDateRun,src,tableName,lastUpdated,status,location,rowsRead,rowsCopied) values ("
            },
            "selectFrom": {
                "type": "String",
                "defaultValue": "Select 
                trim(HDR.CHACO) as CHACO,trim(HDR.CHBAC) as CHBAC,trim(HDR.CHBCCD) as CHBCCD,trim(HDR.CHBCOT) as CHBCOT,trim(HDR.CHBCTC) as CHBCTC
               ,trim(HDR.CHBFAX) as CHBFAX,trim(HDR.CHBLCL) as CHBLCL,trim(HDR.CHBPHO) as CHBPHO,trim(HDR.CHBTCN) as CHBTCN,trim(HDR.CHBTYP) as CHBTYP
               ,trim(HDR.CHCM01) as CHCM01,trim(HDR.CHCM02) as CHCM02,trim(HDR.CHCM03) as CHCM03,trim(HDR.CHCM04) as CHCM04,trim(HDR.CHCM05) as CHCM05
               ,trim(HDR.CHCM06) as CHCM06,trim(HDR.CHCM07) as CHCM07,trim(HDR.CHCM08) as CHCM08,trim(HDR.CHCM09) as CHCM09,trim(HDR.CHCM10) as CHCM10
               ,trim(HDR.CHCO) as CHCO,trim(HDR.CHCRTY) as CHCRTY,trim(HDR.CHCSPO) as CHCSPO,trim(HDR.CHCURR) as CHCURR,trim(HDR.CHCVAT) as CHCVAT
               ,trim(HDR.CHDLSP) as CHDLSP,trim(HDR.CHDTCC) as CHDTCC,trim(HDR.CHDTLA) as CHDTLA,trim(HDR.CHERTS) as CHERTS,CHFCEX as CHFCEX
               ,trim(HDR.CHFOB) as CHFOB,trim(HDR.CHGLCD) as CHGLCD,trim(HDR.CHGORD) as CHGORD,trim(HDR.CHNO) as CHNO,trim(HDR.CHNOAK) as CHNOAK
               ,trim(HDR.CHNOIV) as CHNOIV,trim(HDR.CHNOSD) as CHNOSD,trim(HDR.CHODCT) as CHODCT
               ,trim(HDR.CHODDA) as CHODDA,trim(HDR.CHODMO) as CHODMO,trim(HDR.CHODYR) as CHODYR
               ,trim(HDR.CHONO) as CHONO,trim(HDR.CHORCT) as CHORCT
               ,trim(HDR.CHORDA) as CHORDA,trim(HDR.CHORMO) as CHORMO,trim(HDR.CHORYR) as CHORYR
               ,trim(HDR.CHPRJ) as CHPRJ,trim(HDR.CHREGN) as CHREGN,trim(HDR.CHSAC) as CHSAC
               ,trim(HDR.CHSCCD) as CHSCCD,trim(HDR.CHSCOT) as CHSCOT,trim(HDR.CHSCTC) as CHSCTC
               ,trim(HDR.CHSFAX) as CHSFAX,trim(HDR.CHSMTX) as CHSMTX,trim(HDR.CHSORT) as CHSORT
               ,trim(HDR.CHSPHO) as CHSPHO,trim(HDR.CHSSEQ) as CHSSEQ,trim(HDR.CHSTAT) as CHSTAT
               ,trim(HDR.CHSTCN) as CHSTCN,trim(HDR.CHSTS) as CHSTS,trim(HDR.CHTER) as CHTER,trim(HDR.CHWHAR) as CHWHAR
               ,trim(HDR.CMBAD1) as CMBAD1,trim(HDR.CMBAD2) as CMBAD2,trim(HDR.CMBAD3) as CMBAD3,trim(HDR.CMBAD4) as CMBAD4,trim(HDR.CMBAD5) as CMBAD5
               ,trim(HDR.CMBEML) as CMBEML,trim(HDR.CMBNAM) as CMBNAM,trim(HDR.CMBOSP) as CMBOSP,trim(HDR.CMBZIP) as CMBZIP,trim(HDR.CMDISC) as CMDISC
               ,trim(HDR.CMDSCD) as CMDSCD,trim(HDR.CMPRON) as CMPRON,trim(HDR.CMPTIV) as CMPTIV,trim(HDR.CMPTSP) as CMPTSP
               ,trim(HDR.CMSAD1) as CMSAD1,trim(HDR.CMSAD2) as CMSAD2,trim(HDR.CMSAD3) as CMSAD3,trim(HDR.CMSAD4) as CMSAD4,trim(HDR.CMSAD5) as CMSAD5
               ,trim(HDR.CMSCOD) as CMSCOD,trim(HDR.CMSEML) as CMSEML,trim(HDR.CMSLSM) as CMSLSM,trim(HDR.CMSNAM) as CMSNAM,trim(HDR.CMSPCN) as CMSPCN
               ,trim(HDR.CMSPCT) as CMSPCT,trim(HDR.CMSPMT) as CMSPMT,trim(HDR.CMSZIP) as CMSZIP
               ,trim(HDR.CMTAX1) as CMTAX1,trim(HDR.CMTAX2) as CMTAX2,trim(HDR.CMTAX3) as CMTAX3,trim(HDR.CMTAX4) as CMTAX4
               ,trim(HDR.CMTRMS) as CMTRMS,trim(HDR.CUSTFC) as CUSTFC
	                  From KBM214MFG.FHHDRMST HDR, KBM214CDTA.FHHDRADD DRA
                   where trim(HDR.CHODYR) >= '16' and trim(HDR.CHNO) = trim(DRA.CHNO) AND trim(HDR.CHCO) = trim(DRA.CHCO) AND trim(HDR.CHONO) = trim(DRA.CHONO)
                                and trim(DRA.OETYPE) <> 'MR'"
            },
            "preCopyScript": {
                "type": "String",
                "defaultValue": "Truncate table tbl_FHHDRMST_UK_NM_Stage"
                
            },
            "server": {
                "type": "String",
                "defaultValue": "4HA"
            }
        }
}