{
    "name": "PL_UK_CH_FHDETADD_Incremental",
    "parameters": {
            "runDateJulian": {
                "type": "string",
                "defaultValue": "116"
            },
            "source": {
                "type": "string",
                "defaultValue": "CH3Y2KDTA.FHDETADD"
            },
            "table": {
                "type": "string",
                "defaultValue": "tbl_FHDETADD_UK_CH_Stage"
            },
            "location": {
                "type": "string",
                "defaultValue": "UK"
            },
            "bu": {
                "type": "string",
                "defaultValue": "CH"
            },
			"insertIntoAudit": {
                "type": "string",
                "defaultValue": "Insert into tbl_Audit (pipelineName, pipelineDateRun,src,tableName,lastUpdated,status,location,rowsRead,rowsCopied) values ("
            },
            "selectFrom": {
                "type": "String",
                "defaultValue": "Select
                 trim(DET.ODCOM) as ODCOM
                ,trim(DET.ODONO) as ODONO
                ,trim(DET.ODLINE) as ODLINE
                ,DET.ODPACK as ODPACK
                ,DET.ODIATA as ODIATA
                ,trim(DET.ODCERT) as ODCERT
                ,trim(DET.ODEXPL) as ODEXPL
                ,trim(DET.ODOGEL) as ODOGEL
                ,trim(DET.ODLCNO) as ODLCNO
                ,DET.ODCVAL as ODCVAL
                ,trim(DET.ODEXUM) as ODEXUM
                ,trim(DET.ODCCUR) as ODCCUR
                ,trim(DET.ODEXMO) as ODEXMO
                ,trim(DET.ODEXDA) as ODEXDA
                ,trim(DET.ODEXYR) as ODEXYR
                ,trim(DET.ODALPN) as ODALPN
                ,trim(DET.ODFMPN) as ODFMPN
                ,trim(DET.ODTOPN) as ODTOPN
                ,trim(DET.ODTOUM) as ODTOUM
                ,DET.ODTOQT as ODTOQT
                ,DET.ODTOUP as ODTOUP
                ,DET.ODTOTP as ODTOTP
                ,DET.ODFACT as ODFACT
                ,DET.ODLOTP as ODLOTP
                ,trim(DET.ODPTBA) as ODPTBA
                ,trim(DET.ODPSDS) as ODPSDS
                ,trim(DET.ODWOPR) as ODWOPR
                ,trim(DET.ODMETV) as ODMETV
                ,trim(DET.ODPCKQ) as ODPCKQ
                ,trim(DET.ODPUOM) as ODPUOM
                ,trim(DET.ODRSDO) as ODRSDO
                ,trim(DET.ODDEPT) as ODDEPT
                ,trim(DET.ODHCOD) as ODHCOD
                ,trim(DET.ODHDAT) as ODHDAT
                ,trim(DET.ODHTIM) as ODHTIM
                ,trim(DET.ODOVRD) as ODOVRD
                ,trim(DET.ODGLNO) as ODGLNO
                ,DET.ODPBAS as ODPBAS
                ,trim(DET.ODFDAT) as ODFDAT
                from CH3Y2KDTA.FHDETADD DET
                ,CH3Y2KDTA.FHHDRMST HDR 
				where HDR.CHODYR >= '2016'
				and TRIM(DET.ODCOM) = trim(HDR.CHCO)
				and TRIM(DET.ODONO) = trim(HDR.CHONO) "
            },
      "preCopyScript": {
        "type": "String",
        "defaultValue": "Update AD SET AD.status = 'I' from tbl_FHDETADD_UK_CH_Stage AD inner join tbl_FHHDRMST_UK_CH_Stage HDR on trim(AD.ODCOM) = trim(HDR.CHCO) and trim(AD.ODONO) = trim(HDR.CHONO) where trim(HDR.CHODYR) >= '2016' "

      },
      "keyColumns": {
                "type": "Array",
                "defaultValue": [
                    "ODCOM",
                    "ODONO",
                    "ODLINE"
                ]
            },
            "server": {
                "type": "String",
                "defaultValue": "5HA"
            }
        }
}