{
    "name": "PL_US_RF_KBMWWDTA_JMRECDP_Full",
        "parameters": {
            "runETLJulian": {
                "type": "string",
                "defaultValue": "116000"
            },
            "source": {
                "type": "string",
                "defaultValue": "KBM_KBMWWDTA.JMRECDP"
            },
            "table": {
            "type": "string",
            "defaultValue": "tbl_JMRECDP_US_RF_Stage"
            },
            "location": {
                "type": "string",
                "defaultValue": "US"
            },
            "compid": {
                "type": "string",
                "defaultValue": "('311')"
            },
            "bu": {
                "type": "string",
                "defaultValue": "NM"
            },
            "selectFrom": {
                "type": "String",
                "defaultValue": "select trim(RDRECN) as RDRECN,	trim(RDRSPL) as RDRSPL,	trim(RDRECD) as RDRECD,REPLACE(LTRIM(REPLACE(TRIM(RDLEDG), '0', ' ')), ' ', '0') as  RDLEDG,	trim(RDCUST) as RDCUST,	trim(RDMATD) as RDMATD,	trim(RDCONT) as RDCONT,	trim(RDRWTG) as RDRWTG,	trim(RDUNWT) as RDUNWT,	trim(RDNWTR) as RDNWTR,	trim(RDRWTT) as RDRWTT,	trim(RDAWTG) as RDAWTG,	trim(RDADVU) as RDADVU,	trim(RDAWTN) as RDAWTN,	trim(RDAWTT) as RDAWTT,	trim(RDESTN) as RDESTN,	trim(RDSTKC) as RDSTKC,	trim(RDCOMM) as RDCOMM,	trim(RDRECB) as RDRECB,	trim(RDWEIB) as RDWEIB,	trim(RDTIMA) as RDTIMA,	trim(RDCARR) as RDCARR,	trim(RDCSEA) as RDCSEA,	trim(RDRYDE) as RDRYDE,	trim(RDCREF) as RDCREF,	trim(RDSPBK) as RDSPBK,	trim(RDPRTS) as RDPRTS,	trim(RDCOMC) as RDCOMC,	trim(RDALLD) as RDALLD,	trim(RDCLSS) as RDCLSS,	trim(RDBMC) as RDBMC,	trim(RDJOBT) as RDJOBT,	trim(RDCONA) as RDCONA,	trim(RDJMCI) as RDJMCI,	trim(RDPPSF) as RDPPSF,	trim(RDWPED) as RDWPED, trim(RDWHCD) as RDWHCD from  KBMWWDTA.JMRECDP"
            },
            "preCopyScript": {
            "defaultValue": "delete from  tbl_JMRECDP_US_RF_Stage  where bu = 'NM'",
            "type": "String"
            }
        }
}
