{
    "name": "PL_UK_CH_FHMETDET_Full",
    "parameters": {
            "runDateJulian": {
                "type": "string",
                "defaultValue": "2016"
            },
            "source": {
                "type": "string",
                "defaultValue": "CH3Y2KDTA.FHMETDET"
            },
            "table": {
                "type": "string",
                "defaultValue": "tbl_FHMETDET_UK_CH_Stage"
            },
            "location": {
                "type": "string",
                "defaultValue": "UK"
            },
            "bu": {
                "type": "string",
                "defaultValue": "CH"
            },
			"insertIntoAudit": {
                "type": "string",
                "defaultValue": "Insert into tbl_Audit (pipelineName, pipelineDateRun,src,tableName,lastUpdated,status,location,rowsRead,rowsCopied) values ("
            },
            "selectFrom": {
                "type": "String",
                "defaultValue": "Select 
                 trim(MDCO) as MDCO
                ,trim(MDONO) as MDONO
                ,trim(MDLINE) as MDLINE
                ,trim(MDSEQ) as MDSEQ
                ,trim(MDELEM) as MDELEM
                ,MDWGHT as MDWGHT
                ,MDNWGT as MDNWGT
                ,trim(MDACC) as MDACC
                ,MDCAPR as MDCAPR
                ,MDSAPR as MDSAPR
                ,trim(MDMTDA) as MDMTDA
                ,trim(MDAMPM) as MDAMPM
                ,trim(MDTIMM) as MDTIMM
                ,trim(MDMNT) as MDMNT
                ,MDPCT as MDPCT
                ,MDHPCT as MDHPCT
                ,MDHCHG as MDHCHG
                ,trim(MDCURR) as MDCURR
                ,MDWGTA as MDWGTA
                ,MDEXRT as MDEXRT
                ,trim(MDBCUR) as MDBCUR
                ,MDBEXR as MDBEXR
                ,MDOLQT as MDOLQT
                ,trim(MDPGCR) as MDPGCR
                ,MDADWG as MDADWG
                ,trim(MDCVRD) as MDCVRD
                From CH3Y2KDTA.FHMETDET MDT
                , CH3Y2KDTA.FHHDRMST HDR
				where trim(HDR.CHODYR) >= '2016'
				and trim(MDT.MDCO)= trim(HDR.CHCO)
				and trim(MDT.MDONO)=trim(HDR.CHONO)"
            },
            "preCopyScript": {
                "type": "String",
                "defaultValue": "Truncate table tbl_FHMETDET_UK_CH_Stage"
                
            },
            "server": {
                "type": "String",
                "defaultValue": "5HA"
            }
        }
}