{
    "name": "PL_UK_NM_F0116_Full",
    "parameters": {
            
            "table": {
                "type": "string",
                "defaultValue": "tbl_F0116_NM_Stage"
            },
            "source": {
                "type": "string",
                "defaultValue": "JDE_MACR7DTA_F0116"
            },
            "location": {
                "type": "string",
                "defaultValue": "UK"
            },
            "bu": {
                "type": "string",
                "defaultValue": "NM"
            },
            "insertIntoAudit": {
                "type": "string",
                "defaultValue": "Insert into tbl_Audit (pipelineName, pipelineDateRun,src,tableName,lastUpdated,status,location,rowsRead,rowsCopied) values ("
            },			
            "selectFrom": {
                "type": "String",
                "defaultValue": "Select REPLACE(LTRIM(REPLACE(TRIM(ALAN8), '0', ' ')), ' ', '0') as  ALAN8, TRIM(ALEFTB) as  ALEFTB, TRIM(ALEFTF) as  ALEFTF, TRIM(ALADD1) as  ALADD1, TRIM(ALADD2) as  ALADD2, TRIM(ALADD3) as  ALADD3, TRIM(ALADD4) as  ALADD4, TRIM(ALADDZ) as  ALADDZ, TRIM(ALCTY1) as  ALCTY1, TRIM(ALCOUN) as  ALCOUN, TRIM(ALADDS) as  ALADDS, TRIM(ALCRTE) as  ALCRTE, TRIM(ALBKML) as  ALBKML, TRIM(ALCTR) as  ALCTR, TRIM(ALUSER) as  ALUSER, TRIM(ALPID) as  ALPID, TRIM(ALUPMJ) as  ALUPMJ, TRIM(ALJOBN) as  ALJOBN, TRIM(ALUPMT) as  ALUPMT From MACR7DTA.F0116 INNER JOIN MACR7DTA.F0101 ON REPLACE(LTRIM(REPLACE(TRIM(ABAN8), '0', ' ')), ' ', '0')=REPLACE(LTRIM(REPLACE(TRIM(ALAN8), '0', ' ')), ' ', '0') where REPLACE(LTRIM(REPLACE(TRIM(ABMCU), '0', ' ')), ' ', '0') in ('340','409')"
            },
            "preCopyScript": {
                "type": "String",
                "defaultValue": "delete from tbl_F0116_NM_Stage where location= 'UK'"
            },
            "server": {
                "type": "String",
                "defaultValue": "4HA"
            }         
        }
}