{
    "name": "PL_US_NM_KBM400DTA_FHHDRMST_Full",
        "parameters": {
            "runETLJulian": {
                "type": "string",
                "defaultValue": "116000"
            },
            "source": {
                "type": "string",
                "defaultValue": "KBM400DTA.FHHDRMST"
            },
            "table": {
                "type": "string",
                "defaultValue": "tbl_FHHDRMST_US_NM_Stage"
            },
            "location": {
                "type": "string",
                "defaultValue": "US"
            },
            "bu": {
                "type": "string",
                "defaultValue": "NM"
            },
            "compid": {
                "type": "string",
                "defaultValue": "311"
            },
            "selectFrom": {
                "type": "String",
                "defaultValue": "SELECT TRIM(CHACO) as CHACO, TRIM(CHBAC) as CHBAC, TRIM(CHBCCD) as CHBCCD, TRIM(CHBCOT) as CHBCOT, TRIM(CHBCTC) as CHBCTC, TRIM(CHBFAX) as CHBFAX, TRIM(CHBLCL) as CHBLCL, TRIM(CHBPHO) as CHBPHO, TRIM(CHBTCN) as CHBTCN, TRIM(CHBTYP) as CHBTYP, TRIM(CHCM01) as CHCM01, TRIM(CHCM02) as CHCM02, TRIM(CHCM03) as CHCM03, TRIM(CHCM04) as CHCM04, TRIM(CHCM05) as CHCM05, TRIM(CHCM06) as CHCM06, TRIM(CHCM07) as CHCM07, TRIM(CHCM08) as CHCM08, TRIM(CHCM09) as CHCM09, TRIM(CHCM10) as CHCM10, TRIM(CHCO) as CHCO, TRIM(CHCRTY) as CHCRTY, TRIM(CHCSPO) as CHCSPO, TRIM(CHCURR) as CHCURR, TRIM(CHCVAT) as CHCVAT, TRIM(CHDLSP) as CHDLSP, TRIM(CHDTCC) as CHDTCC, TRIM(CHDTLA) as CHDTLA, TRIM(CHERTS) as CHERTS, TRIM(CHFCEX) as CHFCEX, TRIM(CHFOB) as CHFOB, TRIM(CHGLCD) as CHGLCD, TRIM(CHGORD) as CHGORD, TRIM(CHNO) as CHNO, TRIM(CHNOAK) as CHNOAK, TRIM(CHNOIV) as CHNOIV, TRIM(CHNOSD) as CHNOSD, TRIM(CHODCT) as CHODCT, TRIM(CHODDA) as CHODDA, TRIM(CHODMO) as CHODMO, TRIM(CHODYR) as CHODYR, TRIM(CHONO) as CHONO, TRIM(CHORCT) as CHORCT, TRIM(CHORDA) as CHORDA, TRIM(CHORMO) as CHORMO, TRIM(CHORYR) as CHORYR, TRIM(CHPRJ) as CHPRJ, TRIM(CHREGN) as CHREGN, TRIM(CHSAC) as CHSAC, TRIM(CHSCCD) as CHSCCD, TRIM(CHSCOT) as CHSCOT, TRIM(CHSCTC) as CHSCTC, TRIM(CHSFAX) as CHSFAX, TRIM(CHSMTX) as CHSMTX, TRIM(CHSORT) as CHSORT, TRIM(CHSPHO) as CHSPHO, TRIM(CHSSEQ) as CHSSEQ, TRIM(CHSTAT) as CHSTAT, TRIM(CHSTCN) as CHSTCN, TRIM(CHSTS) as CHSTS, TRIM(CHTER) as CHTER, TRIM(CHWHAR) as CHWHAR, TRIM(CMBAD1) as CMBAD1, TRIM(CMBAD2) as CMBAD2, TRIM(CMBAD3) as CMBAD3, TRIM(CMBAD4) as CMBAD4, TRIM(CMBAD5) as CMBAD5, TRIM(CMBEML) as CMBEML, TRIM(CMBNAM) as CMBNAM, TRIM(CMBOSP) as CMBOSP, TRIM(CMBZIP) as CMBZIP, TRIM(CMDISC) as CMDISC, TRIM(CMDSCD) as CMDSCD, TRIM(CMPRON) as CMPRON, TRIM(CMPTIV) as CMPTIV, TRIM(CMPTSP) as CMPTSP, TRIM(CMSAD1) as CMSAD1, TRIM(CMSAD2) as CMSAD2, TRIM(CMSAD3) as CMSAD3, TRIM(CMSAD4) as CMSAD4, TRIM(CMSAD5) as CMSAD5, TRIM(CMSCOD) as CMSCOD, TRIM(CMSEML) as CMSEML, TRIM(CMSLSM) as CMSLSM, TRIM(CMSNAM) as CMSNAM, TRIM(CMSPCN) as CMSPCN, TRIM(CMSPCT) as CMSPCT, TRIM(CMSPMT) as CMSPMT, TRIM(CMSZIP) as CMSZIP, TRIM(CMTAX1) as CMTAX1, TRIM(CMTAX2) as CMTAX2, TRIM(CMTAX3) as CMTAX3, TRIM(CMTAX4) as CMTAX4, TRIM(CMTRMS) as CMTRMS, TRIM(CUSTFC) as CUSTFC FROM KBM400DTA.FHHDRMST WHERE TRIM(CHCO) = '311' AND TRIM(CHORYR) >= 16"
            },
            "preCopyScript": {
                "type": "String",
                "defaultValue": "TRUNCATE TABLE tbl_FHHDRMST_US_NM_Stage "
            },
            "server": {
                "type": "String",
                "defaultValue": "US"
            }
        }
}