{
    "name": "PL_US_CH_KBM400MDTA_FHDETA99_Full",
        "parameters": {
            "runETLJulian": {
                "type": "string",
                "defaultValue": "116000"
            },
            "source": {
                "type": "string",
                "defaultValue": "KBM400MDTA.FHDETA99"
            },
            "table": {
                "type": "string",
                "defaultValue": "tbl_FHDETA99_US_CH_Stage"
            },
            "location": {
                "type": "string",
                "defaultValue": "US"
            },
            "bu": {
                "type": "string",
                "defaultValue": "CH"
            },
            "compid": {
                "type": "string",
                "defaultValue": "'212', '530', '281'"
            },
            "selectFrom": {
                "type": "String",
                "defaultValue": "SELECT TRIM(C#CO) as C#CO, TRIM(C#ONO) as C#ONO, TRIM(C#LINE) as C#LINE, TRIM(C#BO) as C#BO, TRIM(C#ODCT) as C#ODCT, TRIM(C#ODYR) as C#ODYR, TRIM(C#ODMO) as C#ODMO, TRIM(C#ODDA) as C#ODDA, TRIM(C#UMCU) as C#UMCU, TRIM(C#OQCU) as C#OQCU, TRIM(C#TSCU) as C#TSCU, TRIM(C#TICU) as C#TICU, TRIM(C#TSTD) as C#TSTD, TRIM(C#TITD) as C#TITD, TRIM(C#STTS) as C#STTS, TRIM(C#STTI) as C#STTI, TRIM(C#STDS) as C#STDS, TRIM(C#STDI) as C#STDI, TRIM(C#UPUM) as C#UPUM, TRIM(C#UPCU) as C#UPCU, TRIM(C#STUM) as C#STUM, TRIM(C#STWT) as C#STWT, TRIM(C#C1AC) as C#C1AC, TRIM(C#C1PI) as C#C1PI, TRIM(C#C1IN) as C#C1IN, TRIM(C#C1CH) as C#C1CH, TRIM(C#C1SH) as C#C1SH, TRIM(C#C2AC) as C#C2AC, TRIM(C#C2PI) as C#C2PI, TRIM(C#C2IN) as C#C2IN, TRIM(C#C2CH) as C#C2CH, TRIM(C#C2SH) as C#C2SH, TRIM(C#C3AC) as C#C3AC, TRIM(C#C3PI) as C#C3PI, TRIM(C#C3IN) as C#C3IN, TRIM(C#C3CH) as C#C3CH, TRIM(C#C3SH) as C#C3SH, TRIM(C#C4AC) as C#C4AC, TRIM(C#C4PI) as C#C4PI, TRIM(C#C4IN) as C#C4IN, TRIM(C#C4CH) as C#C4CH, TRIM(C#C4SH) as C#C4SH, TRIM(C#C5AC) as C#C5AC, TRIM(C#C5PI) as C#C5PI, TRIM(C#C5IN) as C#C5IN, TRIM(C#C5CH) as C#C5CH, TRIM(C#C5SH) as C#C5SH, TRIM(C#C6AC) as C#C6AC, TRIM(C#C6PI) as C#C6PI, TRIM(C#C6IN) as C#C6IN, TRIM(C#C6CH) as C#C6CH, TRIM(C#C6SH) as C#C6SH, TRIM(C#C7AC) as C#C7AC, TRIM(C#C7PI) as C#C7PI, TRIM(C#C7IN) as C#C7IN, TRIM(C#C7CH) as C#C7CH, TRIM(C#C7SH) as C#C7SH, TRIM(C#C8AC) as C#C8AC, TRIM(C#C8PI) as C#C8PI, TRIM(C#C8IN) as C#C8IN, TRIM(C#C8CH) as C#C8CH, TRIM(C#C8SH) as C#C8SH, TRIM(C#C9AC) as C#C9AC, TRIM(C#C9PI) as C#C9PI, TRIM(C#C9IN) as C#C9IN, TRIM(C#C9CH) as C#C9CH, TRIM(C#C9SH) as C#C9SH, TRIM(C#C0AC) as C#C0AC, TRIM(C#C0PI) as C#C0PI, TRIM(C#C0IN) as C#C0IN, TRIM(C#C0CH) as C#C0CH, TRIM(C#C0SH) as C#C0SH, TRIM(C#BLAT) as C#BLAT, TRIM(C#ETAS) as C#ETAS, TRIM(C#CSI) as C#CSI, TRIM(C#CERT) as C#CERT, TRIM(C#MFAB) as C#MFAB, TRIM(C#FABU) as C#FABU, TRIM(C#FAB$) as C#FAB$, TRIM(C#STNO) as C#STNO, TRIM(C#TAX1) as C#TAX1, TRIM(C#TAX2) as C#TAX2, TRIM(C#TAX3) as C#TAX3, TRIM(C#TAX4) as C#TAX4, TRIM(C#PUOM) as C#PUOM, TRIM(C#DUOM) as C#DUOM, TRIM(C#PRTS) as C#PRTS, TRIM(C#ROLU) as C#ROLU, TRIM(C#RLUM) as C#RLUM, TRIM(C#GOVT) as C#GOVT, TRIM(C#PRTT) as C#PRTT, TRIM(C#PCTR) as C#PCTR, TRIM(C#ESTQ) as C#ESTQ, TRIM(C#ICAP) as C#ICAP, TRIM(C#ACTQ) as C#ACTQ, TRIM(C#TRID) as C#TRID, TRIM(C#ICAA) as C#ICAA, TRIM(C#IMEA) as C#IMEA, TRIM(C#ISEA) as C#ISEA, TRIM(C#IINA) as C#IINA, TRIM(C#RECN) as C#RECN, TRIM(C#RSPL) as C#RSPL, TRIM(C#MTCT) as C#MTCT, TRIM(C#MTYR) as C#MTYR, TRIM(C#MTMO) as C#MTMO, TRIM(C#MTDA) as C#MTDA, TRIM(C#RLTP) as C#RLTP, TRIM(C#UKSP) as C#UKSP, TRIM(C#LSRC) as C#LSRC, TRIM(C#ZORD) as C#ZORD, TRIM(C#CMLD) as C#CMLD, TRIM(C#LKLP) as C#LKLP, TRIM(C#MFGD) as C#MFGD, TRIM(C#CPYO) as C#CPYO, TRIM(C#PRSC) as C#PRSC, TRIM(C#SHLT) as C#SHLT, TRIM(C#UROL) as C#UROL, TRIM(C#WORD) as C#WORD, (C#PCDT) as C#PCDT FROM KBM400MDTA.FHDETA99 WHERE TRIM(C#CO) IN ('212', '530', '281') AND TRIM(C#ODYR) >= 16"
            },
            "preCopyScript": {
                "type": "String",
                "defaultValue": "TRUNCATE TABLE tbl_FHDETA99_US_CH_Stage"
            },
            "server": {
                "type": "String",
                "defaultValue": "US"
            }
        }
}