{
    "name": "PL_UK_RF_JMSMPJP_Incremental",
    "parameters": {
            "runDateJulian": {
                "type": "string",
                "defaultValue": "1160101"
            },
            "source": {
                "type": "string",
                "defaultValue": "CRS_STMDTA.JMSMPJP"
            },
            "table": {
                "type": "string",
                "defaultValue": "tbl_JMSMPJP_RF_Stage"
            },
            "location": {
                "type": "string",
                "defaultValue": "UK"
            },
            "bu": {
                "type": "string",
                "defaultValue": "RF"
            },
			"insertIntoAudit": {
                "type": "string",
                "defaultValue": "Insert into tbl_Audit (pipelineName, pipelineDateRun,src,tableName,lastUpdated,status,location,rowsRead,rowsCopied) values ("
            },
            "selectFrom": {
                "type": "String",
                "defaultValue": "Select
                 trim(SRRECN) as SRRECN
                ,trim(SRRSPL) as SRRSPL
                ,trim(SRBYPD) as SRBYPD
                ,trim(SRSMPN) as SRSMPN
                ,trim(SRMODS) as SRMODS
                ,trim(SRSMDT) as SRSMDT
                ,SRISGW as SRISGW
                ,trim(SRISGU) as SRISGU
                ,SRISTW as SRISTW
                ,trim(SRISTU) as SRISTU
                ,SRISNW as SRISNW
                ,trim(SRISNU) as SRISNU
                ,trim(SRCRMN) as SRCRMN
                ,SRWACR as SRWACR
                ,trim(SRAFCU) as SRAFCU
                ,trim(SRNDAC) as SRNDAC
                ,trim(SRDTCC) as SRDTCC
                ,trim(SRBMNO) as SRBMNO
                ,SRWAFB as SRWAFB
                ,trim(SRABNU) as SRABNU
                ,trim(SRNDAB) as SRNDAB
                ,trim(SRDTBC) as SRDTBC
                ,trim(SRGRBN) as SRGRBN
                ,SRWAFG as SRWAFG
                ,trim(SRAGUN) as SRAGUN
                ,trim(SRNDAG) as SRNDAG
                ,trim(SRDTGC) as SRDTGC
                ,trim(SRGPNO) as SRGPNO
                ,trim(SRMSHS) as SRMSHS
                ,trim(SRBULK) as SRBULK
                ,trim(SRKNI1) as SRKNI1
                ,trim(SRKNI2) as SRKNI2
                ,trim(SRSR40) as SRSR40
                ,trim(SRSR3B) as SRSR3B
                ,trim(SRNDRF) as SRNDRF
                ,SRGRWF as SRGRWF
                ,trim(SRGRFU) as SRGRFU
                ,trim(SRWGDB) as SRWGDB
                ,trim(SRCHKB) as SRCHKB
                ,SRWGTC as SRWGTC
                ,trim(SRCNTU) as SRCNTU
                ,SRNWBF as SRNWBF
                ,trim(SRBFUN) as SRBFUN
                ,SRNWSF as SRNWSF
                ,trim(SRSFUN) as SRSFUN
                ,SRNWB1 as SRNWB1
                ,trim(SRBMTS) as SRBMTS
                ,SRNWFE as SRNWFE
                ,trim(SRFEUN) as SRFEUN
                ,SRTNWT as SRTNWT
                ,trim(SRTUNT) as SRTUNT
                ,SRAGNS as SRAGNS
                ,trim(SRUNWT) as SRUNWT
                ,SRMOIP as SRMOIP
                ,trim(SRFSMN) as SRFSMN
                ,trim(SRFRA1) as SRFRA1
                ,SRFRP1 as SRFRP1
                ,trim(SRFCD2) as SRFCD2
                ,SRFRP2 as SRFRP2
                ,trim(SRFCD3) as SRFCD3
                ,SRFRP3 as SRFRP3
                ,trim(SRFCD4) as SRFCD4
                ,SRFR4P as SRFR4P
                ,trim(SRSIGS) as SRSIGS
                ,trim(SRSIGJ) as SRSIGJ
                ,trim(SRFINT) as SRFINT
                ,trim(SRFTMD) as SRFTMD
                ,trim(SRBMTM) as SRBMTM
                ,trim(SRBMTD) as SRBMTD
                ,trim(SRBMTR) as SRBMTR
                ,trim(SRBMRD) as SRBMRD
                ,trim(SRFEDR) as SRFEDR
                ,trim(SRSMLD) as SRSMLD
                ,trim(SRNORP) as SRNORP
                ,SRWPRP as SRWPRP
                ,trim(SRUWRP) as SRUWRP
                ,trim(SRNORF) as SRNORF
                ,SRWTRF as SRWTRF
                ,trim(SRUWRF) as SRUWRF
                ,trim(SRWTVS) as SRWTVS
                ,SRWTRS as SRWTRS
                ,trim(SRUWRV) as SRUWRV
                ,trim(SRNOLS) as SRNOLS
                ,SRWTLS as SRWTLS
                ,trim(SRUWLS) as SRUWLS
                ,SRWT2K as SRWT2K
                ,trim(SRASRQ) as SRASRQ
                ,SRCNWT as SRCNWT
                ,trim(SRCOMU) as SRCOMU
                ,trim(SRSMPC) as SRSMPC
                ,trim(SRPGM) as SRPGM
                ,trim(SRSDT) as SRSDT
                ,trim(SRSTM) as SRSTM
                ,trim(SRUSR) as SRUSR
                ,trim(SRMDF) as SRMDF
                ,trim(SRCNV) as SRCNV
                from STMDTA.JMSMPJP T, STMDTA.JMRECDP RD
                where trim(T.SRRECN)=trim(RD.RDRECN)
                and trim(T.SRRSPL)=trim(RD.RDRSPL) 
                and trim(RD.RDRECD) >= "
            },
             "keyColumns": {
             "type": "Array",
              "defaultValue": [
                "SRRECN",
                "SRRSPL",
                "SRMODS",
                "SRBYPD",
                "bu"
              ]
            },
            "preCopyScript": {
                "type": "String",
                "defaultValue": "UPDATE SMPJ SET SMPJ.status = 'I' FROM tbl_JMSMPJP_RF_Stage SMPJ inner join tbl_JMRECDP_RF_Stage RD on SMPJ.SRRECN = RD.RDRECN and SMPJ.SRRSPL = RD.RDRSPL and RD.RDRECD >= "
                
            },
            "server": {
                "type": "String",
                "defaultValue": "5HA"
            }
        }
}