{
    "name": "PL_UK_RJ_JMCUSTP_Full",
    "parameters": {
            "runDateJulian": {
                "type": "string",
                "defaultValue": "116000"
            },
            "obj": {
                "type": "string",
                "defaultValue": "()"
            },
            "success": {
                "type": "string",
                "defaultValue": "Success"
            },
            "fail": {
                "type": "string",
                "defaultValue": "Fail"
            },
            "table": {
                "type": "string",
                "defaultValue": "tbl_JMCUSTP_RJ_Stage"
            },
            "source": {
                "type": "string",
                "defaultValue": "CRS_STMDTA.JMCUSTP"
            },
            "location": {
                "type": "string",
                "defaultValue": "UK"
            },
            "bu": {
                "type": "string",
                "defaultValue": "RF"
            },
			"insertIntoAudit": {
                "type": "string",
                "defaultValue": "Insert into tbl_Audit (pipelineName, pipelineDateRun,src,tableName,lastUpdated,status,location,rowsRead,rowsCopied) values ("
            },
            "selectFrom": {
                "type": "String",
                "defaultValue": "Select REPLACE(LTRIM(REPLACE(TRIM(CMLEDG), '0', ' ')), ' ', '0') as CMLEDG, TRIM(CMSNAM) as CMSNAM, TRIM(CMAN8) as CMAN8, TRIM(CMPLNO) as CMPLNO, TRIM(CMVAT#) as CMVAT#, TRIM(CMVATC) as CMVATC, TRIM(CMZONE) as CMZONE, TRIM(CMGEOC) as CMGEOC, TRIM(CMSALC) as CMSALC, TRIM(CMINDC) as CMINDC, TRIM(CMOWNB) as CMOWNB, TRIM(CMCURR) as CMCURR, TRIM(CMAG99) as CMAG99, TRIM(CMLRDT) as CMLRDT, TRIM(CMLACD) as CMLACD, TRIM(CMFAXN) as CMFAXN, TRIM(CMTELX) as CMTELX, TRIM(CMCCT1) as CMCCT1, TRIM(CMCCT2) as CMCCT2, TRIM(CMJSFX) as CMJSFX, TRIM(CMASAC) as CMASAC, TRIM(CMSVCD) as CMSVCD, TRIM(CMSCCD) as CMSCCD, TRIM(CMCSNM) as CMCSNM, TRIM(CMADD1) as CMADD1, TRIM(CMADD2) as CMADD2, TRIM(CMADD3) as CMADD3, TRIM(CMADD4) as CMADD4, TRIM(CMCTY) as CMCTY, TRIM(CMCSCD) as CMCSCD, TRIM(CMADDZ) as CMADDZ, TRIM(CMCTCD ) as CMCTCD, TRIM(CMCNNM) as CMCNNM, TRIM(CMPHNO) as CMPHNO, TRIM(CMTXRF) as CMTXRF, TRIM(CMDTST) as CMDTST, TRIM(CMEHST) as CMEHST, TRIM(CMINMT) as CMINMT, TRIM(CMSBDT) as CMSBDT, TRIM(CMCAT1) as CMCAT1, TRIM(CMCAT2) as CMCAT2, TRIM(CMCAT3) as CMCAT3, TRIM(CMCAT4) as CMCAT4, TRIM(CMCAT5) as CMCAT5, TRIM(CMACFG) as CMACFG, TRIM(CMCRLM) as CMCRLM, TRIM(CMCLCD) as CMCLCD, TRIM(CMPGM ) as CMPGM, TRIM(CMSDT) as CMSDT, TRIM(CMSTM) as CMSTM, TRIM(CMUSR) as CMUSR, TRIM(CMMDF) as CMMDF, TRIM(CMCNV) as CMCNV from STMDTA.JMCUSTP"
            },
            "preCopyScript": {
                "type": "String",
                "defaultValue": "truncate table tbl_JMCUSTP_RJ_Stage"
                
            },
            "server": {
                "type": "String",
                "defaultValue": "5HA"
            }
        }
}