{
       "parameters": {
            "runDateJulian": {
                "type": "string",
                "defaultValue": "116000"
            },
            "obj": {
                "type": "string",
                "defaultValue": "('1955','1965','1765','1755')"
            },
            "success": {
                "type": "string",
                "defaultValue": "Success"
            },
            "fail": {
                "type": "string",
                "defaultValue": "Fail"
            },
            "table": {
                "type": "string",
                "defaultValue": "tbl_F0101_CH_Stage"
            },
            "source": {
                "type": "string",
                "defaultValue": "JDE_MACR7DTA.F0101"
            },
            "insertIntoAudit": {
                "type": "string",
                "defaultValue": "Insert into tbl_Audit (pipelineName, pipelineDateRun,src,tableName,lastUpdated,status,location,rowsRead,rowsCopied) values ("
            },
            "location": {
                "type": "string",
                "defaultValue": "UK"
            },
            "compid": {
                "type": "string",
                "defaultValue": "310"
            },
            "bu": {
                "type": "string",
                "defaultValue": "CH"
            },
            "selectFrom": {
                "type": "String",
                "defaultValue": "Select REPLACE(LTRIM(REPLACE(TRIM(ABAN8), '0', ' ')), ' ', '0') as  ABAN8, trim(ABALKY) as  ABALKY, trim(ABTAX) as  ABTAX, trim(ABALPH) as  ABALPH, trim(ABDC) as  ABDC, REPLACE(LTRIM(REPLACE(TRIM(ABMCU), '0', ' ')), ' ', '0') as  ABMCU, trim(ABSIC) as  ABSIC, trim(ABLNGP) as  ABLNGP, trim(ABAT1) as  ABAT1, trim(ABCM) as  ABCM, trim(ABTAXC) as  ABTAXC, trim(ABAT2) as  ABAT2, trim(ABAT3) as  ABAT3, trim(ABAT4) as  ABAT4, trim(ABAT5) as  ABAT5, trim(ABATP) as  ABATP, trim(ABATR) as  ABATR, trim(ABATPR) as  ABATPR, trim(ABAB3) as  ABAB3, trim(ABATE) as  ABATE, trim(ABSBLI) as  ABSBLI, trim(ABEFTB) as  ABEFTB, trim(ABAN81) as  ABAN81, trim(ABAN82) as  ABAN82, trim(ABAN83) as  ABAN83, trim(ABAN84) as  ABAN84, trim(ABAN86) as  ABAN86, trim(ABAN85) as  ABAN85, trim(ABAC01) as  ABAC01, trim(ABAC02) as  ABAC02, trim(ABAC03) as  ABAC03, trim(ABAC04) as  ABAC04, trim(ABAC05) as  ABAC05, trim(ABAC06) as  ABAC06, trim(ABAC07) as  ABAC07, trim(ABAC08) as  ABAC08, trim(ABAC09) as  ABAC09, trim(ABAC10) as  ABAC10, trim(ABAC11) as  ABAC11, trim(ABAC12) as  ABAC12, trim(ABAC13) as  ABAC13, trim(ABAC14) as  ABAC14, trim(ABAC15) as  ABAC15, trim(ABAC16) as  ABAC16, trim(ABAC17) as  ABAC17, trim(ABAC18) as  ABAC18, trim(ABAC19) as  ABAC19, trim(ABAC20) as  ABAC20, trim(ABAC21) as  ABAC21, trim(ABAC22) as  ABAC22, trim(ABAC23) as  ABAC23, trim(ABAC24) as  ABAC24, trim(ABAC25) as  ABAC25, trim(ABAC26) as  ABAC26, trim(ABAC27) as  ABAC27, trim(ABAC28) as  ABAC28, trim(ABAC29) as  ABAC29, trim(ABAC30) as  ABAC30, trim(ABGLBA) as  ABGLBA, trim(ABPTI) as  ABPTI, trim(ABPDI) as  ABPDI, trim(ABMSGA) as  ABMSGA, trim(ABRMK) as  ABRMK, trim(ABTXCT) as  ABTXCT, trim(ABTX2) as  ABTX2, trim(ABALP1) as  ABALP1, trim(ABURCD) as  ABURCD, trim(ABURDT) as  ABURDT, trim(ABURAT) as  ABURAT, trim(ABURAB) as  ABURAB, trim(ABURRF) as  ABURRF, trim(ABUSER) as  ABUSER, trim(ABPID) as  ABPID, trim(ABUPMJ) as  ABUPMJ, trim(ABJOBN) as  ABJOBN, trim(ABUPMT) as  ABUPMT From MACR7DTA.F0101 where  REPLACE(LTRIM(REPLACE(TRIM(ABMCU), '0', ' ')), ' ', '0') = '310'"
            },
            "preCopyScript": {
                "type": "String",
                "defaultValue": "DELETE FROM tbl_F0101_CH_Stage where location = 'UK'"
            },
            "server": {
                "type": "String",
                "defaultValue": "5HA"
            }       
    }
}