{
    "name": "PL_UK_RF_JMSTUSP__Incremental",
    "parameters": {
            "runDateJulian": {
                "type": "string",
                "defaultValue": "1160101"
            },
            "source": {
                "type": "string",
                "defaultValue": "CRS_STMDTA.JMSTUSP"
            },
            "table": {
                "type": "string",
                "defaultValue": "tbl_JMSTUSP_RF_Stage"
            },
            "location": {
                "type": "string",
                "defaultValue": "UK"
            },
            "bu": {
                "type": "string",
                "defaultValue": "RF"
            },
			"insertIntoAudit": {
                "type": "string",
                "defaultValue": "Insert into tbl_Audit (pipelineName, pipelineDateRun,src,tableName,lastUpdated,status,location,rowsRead,rowsCopied) values ("
            },
            "selectFrom": {
                "type": "String",
                "defaultValue": "Select 
                 trim(STRECN) as STRECN
                ,trim(STRSPL) as STRSPL
                ,trim(STBYPD) as STBYPD
                ,trim(STDTES) as STDTES
                ,trim(STSTME) as STSTME
                ,trim(STSJBN) as STSJBN
                ,trim(STSTLC) as STSTLC
                ,trim(STSTAT) as STSTAT
                ,trim(STTTLC) as STTTLC
                ,trim(STTTAT) as STTTAT
                ,trim(STUSER) as STUSER
                ,trim(STSREF) as STSREF
                ,trim(STLEDG) as STLEDG
                from STMDTA.JMSTUSP ST, STMDTA.JMRECDP RD
                where trim(ST.STRECN)=trim(RD.RDRECN)
                and trim(ST.STRSPL)=trim(RD.RDRSPL)
                and trim(ST.STLEDG)=trim(RD.RDLEDG) 
                and trim(RD.RDRECD) >= "
            },
             "keyColumns": {
             "type": "Array",
              "defaultValue": [
                "STRECN",
                "STRSPL",
                "STLEDG",
                "bu"
              ]
            },
            "preCopyScript": {
                "type": "String",
                "defaultValue": ""
                
            },
            "server": {
                "type": "String",
                "defaultValue": "5HA"
            }
        }
}
