{
    "name": "PL_UK_RF_JMRECDP_Incremental",
    "parameters": {
            "runDateJulian": {
                "type": "string",
                "defaultValue": "116"
            },
            "source": {
                "type": "string",
                "defaultValue": "CRS_STMDTA.JMRECDP"
            },
            "table": {
                "type": "string",
                "defaultValue": "tbl_JMRECDP_RF_Stage"
            },
            "location": {
                "type": "string",
                "defaultValue": "UK"
            },
            "bu": {
                "type": "string",
                "defaultValue": "RF"
            },
			      "insertIntoAudit": {
                "type": "string",
                "defaultValue": "Insert into tbl_Audit (pipelineName, pipelineDateRun,src,tableName,lastUpdated,status,location,rowsRead,rowsCopied) values ("
            },
            "selectFrom": {
                "type": "String",
                "defaultValue": "Select 
                 trim(RDRECN) as RDRECN
                , trim(RDRSPL) as RDRSPL, trim(RDRECD) as RDRECD, trim(RDLEDG) as RDLEDG, trim(RDCUST) as RDCUST, trim(RDMATD) as RDMATD
                , trim(RDCONT) as RDCONT, trim(RDRWTG) as RDRWTG, trim(RDUNWT) as RDUNWT, trim(RDNWTR) as RDNWTR, trim(RDRWTT) as RDRWTT
                , trim(RDAWTG) as RDAWTG, trim(RDADVU) as RDADVU, trim(RDAWTN) as RDAWTN, trim(RDAWTT) as RDAWTT, trim(RDESTN) as RDESTN
                , trim(RDSTKC) as RDSTKC, trim(RDCOMM) as RDCOMM, trim(RDRECB) as RDRECB, trim(RDWEIB) as RDWEIB, trim(RDTIMA) as RDTIMA
                , trim(RDCARR) as RDCARR, trim(RDCSEA) as RDCSEA, trim(RDRYDE) as RDRYDE, trim(RDCREF) as RDCREF, trim(RDSPBK) as RDSPBK
                , trim(RDPRTS) as RDPRTS, trim(RDCOMC) as RDCOMC, trim(RDALLD) as RDALLD, trim(RDCLSS) as RDCLSS, trim(RDBMC) as RDBMC
                , trim(RDJOBT) as RDJOBT, trim(RDCONA) as RDCONA, trim(RDJMCI) as RDJMCI, trim(RDPPSF) as RDPPSF, trim(RDWPED) as RDWPED
                , trim(RDSCMT) as RDSCMT, trim(RDTNRF) as RDTNRF, trim(RDTSRF) as RDTSRF, trim(RDTDRC) as RDTDRC, trim(RDPGM) as RDPGM
                , trim(RDSDT) as RDSDT, trim(RDSTM) as RDSTM, trim(RDUSR) as RDUSR, trim(RDMDF) as RDMDF, trim(RDCNV) as RDCNV
			           	from STMDTA.JMRECDP 
                where TRIM(RDRECD) >= "
            },
             "keyColumns": {
             "type": "Array",
              "defaultValue": [
                "RDRECN",
                "RDRSPL",
                "RDLEDG",
                "RDRECD",
                "bu"
              ]
            },
            "preCopyScript": {
                "type": "String",
                "defaultValue": "Update tbl_JMRECDP_RF_Stage SET status = 'I' where location ='UK' and RDRECD >= "
                
            },
            "server": {
                "type": "String",
                "defaultValue": "5HA"
            }
        }
}