{
    "name": "PL_US_NM_KBM400DTA_FHSHPHIS_Full",
        "parameters": {
            "runETLJulian": {
                "type": "string",
                "defaultValue": "116000"
            },
            "source": {
                "type": "string",
                "defaultValue": "KBM400DTA.FHSHPHIS"
            },
            "table": {
                "type": "string",
                "defaultValue": "tbl_FHSHPHIS_US_NM_Stage"
            },
            "location": {
                "type": "string",
                "defaultValue": "US"
            },
            "bu": {
                "type": "string",
                "defaultValue": "NM"
            },
            "compid": {
                "type": "string",
                "defaultValue": "('315', '310', '311')"
            },
            "selectFrom": {
                "type": "String",
                "defaultValue": "SELECT TRIM(CHCO) as CHCO, TRIM(CHONO) as CHONO, TRIM(COCUNO) as COCUNO, TRIM(CDORTP) as CDORTP, TRIM(SHPTYP) as SHPTYP, TRIM(CHNO) as CHNO, TRIM(CHCSPO) as CHCSPO, TRIM(CHSLSM) as CHSLSM, TRIM(CHSPMT) as CHSPMT, TRIM(CHSPCN) as CHSPCN, TRIM(CHNOSD) as CHNOSD, TRIM(CHBNAM) as CHBNAM, TRIM(CDLINE) as CDLINE, TRIM(CDBO) as CDBO, TRIM(SHPPNO) as SHPPNO, TRIM(SHUPRI) as SHUPRI, TRIM(SHPRIC) as SHPRIC, TRIM(SHPQTY) as SHPQTY, TRIM(SHPDBY) as SHPDBY, TRIM(SHWBNO) as SHWBNO, TRIM(SHSLSM) as SHSLSM, TRIM(SHCRTY) as SHCRTY, TRIM(SHSTAT) as SHSTAT, TRIM(SHREGN) as SHREGN, TRIM(SHTER) as SHTER, TRIM(SHOQTY) as SHOQTY, TRIM(SHODYR) as SHODYR, TRIM(SHODMO) as SHODMO, TRIM(SHODDA) as SHODDA, TRIM(SHSPRY) as SHSPRY, TRIM(SHSPRM) as SHSPRM, TRIM(SHSPRD) as SHSPRD, TRIM(SHSREY) as SHSREY, TRIM(SHSREM) as SHSREM, TRIM(SHSRED) as SHSRED, TRIM(SHQTIN) as SHQTIN, TRIM(SHGLNO) as SHGLNO, TRIM(SHSMTL) as SHSMTL, TRIM(SHSLTL) as SHSLTL, TRIM(SHSBTL) as SHSBTL, TRIM(SHSVBT) as SHSVBT, TRIM(SHSOTL) as SHSOTL, TRIM(SHLSYR) as SHLSYR, TRIM(SHLSMO) as SHLSMO, TRIM(SHLSDA) as SHLSDA, TRIM(SHPRFG) as SHPRFG, TRIM(SHLSCT) as SHLSCT, TRIM(SHSMB) as SHSMB, TRIM(SHSFXM) as SHSFXM, TRIM(SHSVRM) as SHSVRM, TRIM(SHSUS1) as SHSUS1, TRIM(SHSUS2) as SHSUS2, TRIM(SHCUOM) as SHCUOM, TRIM(SHSSEQ) as SHSSEQ, TRIM(SHINCT) as SHINCT, TRIM(SHINDA) as SHINDA, TRIM(SHINMO) as SHINMO, TRIM(SHINVN) as SHINVN, TRIM(SHINYR) as SHINYR, TRIM(SHDWN) as SHDWN FROM KBM400DTA.FHSHPHIS WHERE TRIM(CHCO) in ('315', '310', '311')  AND TRIM(SHODYR) >= 16"
            },
            "preCopyScript": {
                "type": "String",
                "defaultValue": "TRUNCATE TABLE tbl_FHSHPHIS_US_NM_Stage"
            },
            "server": {
                "type": "String",
                "defaultValue": "US"
            }
        }
}