{
    "name": "PL_US_RF_KBMWWDTA_JMSTUSP_Incremental",
        "parameters": {
            "runETLJulian": {
                "type": "string",
                "defaultValue": "116000"
            },
          "source": {
            "type": "string",
            "defaultValue": "KBM_KBMWWDTA.JMSTUSP"
          },
          "table": {
            "type": "string",
            "defaultValue": "tbl_JMSTUSP_US_RF_Stage"
          },
            "location": {
                "type": "string",
                "defaultValue": "US"
            },
            "compid": {
                "type": "string",
                "defaultValue": "('311')"
            },
            "bu": {
                "type": "string",
                "defaultValue": "NM"
            },
            "selectFrom": {
            "type": "String",
            "defaultValue": "select trim(STRECN) as STRECN,	trim(STRSPL) as STRSPL,	trim(STBYPD) as STBYPD,	trim(STDTES) as STDTES,	trim(STSTME) as STSTME,	trim(STSJBN) as STSJBN,	trim(STSTLC) as STSTLC,	trim(STSTAT) as STSTAT,	trim(STTTLC) as STTTLC,	trim(STTTAT) as STTTAT,	trim(STUSER) as STUSER,	trim(STSREF) as STSREF,	REPLACE(LTRIM(REPLACE(TRIM(STLEDG), '0', ' ')), ' ', '0') as  STLEDG
                            from KBMWWDTA.JMSTUSP, KBMWWDTA.JMPJOBDN 
                             where trim(JBRECN) = trim(STRECN) and trim(JBRSPL) = trim(STRSPL) and trim(JBLEDG) = trim(STLEDG) "
            },
            "preCopyScript": {
             "type": "String",
            "defaultValue": ""
            },
             "keyColumns": {
             "type": "Array",
              "defaultValue": [
                "STRECN",
                "STRSPL",
                "STLEDG",
                "STDTES",
                "STSTME",
                "bu"
              ]
            },
             "server": {
             "type": "String",
             "defaultValue": "US"
    }
  }
}