{
    "name": "PL_US_CH_KBM400DTA_FHHDRMST_Incremental",
        "parameters": {
            "runETLJulian": {
                "type": "string",
                "defaultValue": "116000"
            },
            "source": {
                "type": "string",
                "defaultValue": "KBM400DTA.FHHDRMST"
            },
            "table": {
                "type": "string",
                "defaultValue": "tbl_FHHDRMST_US_CH_Stage"
            },
            "location": {
                "type": "string",
                "defaultValue": "US"
            },
            "bu": {
                "type": "string",
                "defaultValue": "CH"
            },
            "compid": {
                "type": "string",
                "defaultValue": "'212', '530', '281'"
            },
            "selectFrom": {
                "type": "String",
                "defaultValue": "SELECT TRIM(HDR.CHACO) as CHACO, TRIM(HDR.CHBAC) as CHBAC, TRIM(HDR.CHBCCD) as CHBCCD, TRIM(HDR.CHBCOT) as CHBCOT, TRIM(HDR.CHBCTC) as CHBCTC, TRIM(HDR.CHBFAX) as CHBFAX, TRIM(HDR.CHBLCL) as CHBLCL, TRIM(HDR.CHBPHO) as CHBPHO, TRIM(HDR.CHBTCN) as CHBTCN, TRIM(HDR.CHBTYP) as CHBTYP, TRIM(HDR.CHCM01) as CHCM01, TRIM(HDR.CHCM02) as CHCM02, TRIM(HDR.CHCM03) as CHCM03, TRIM(HDR.CHCM04) as CHCM04, TRIM(HDR.CHCM05) as CHCM05, TRIM(HDR.CHCM06) as CHCM06, TRIM(HDR.CHCM07) as CHCM07, TRIM(HDR.CHCM08) as CHCM08, TRIM(HDR.CHCM09) as CHCM09, TRIM(HDR.CHCM10) as CHCM10, TRIM(HDR.CHCO) as CHCO, TRIM(HDR.CHCRTY) as CHCRTY, TRIM(HDR.CHCSPO) as CHCSPO, TRIM(HDR.CHCURR) as CHCURR, TRIM(HDR.CHCVAT) as CHCVAT, TRIM(HDR.CHDLSP) as CHDLSP, TRIM(HDR.CHDTCC) as CHDTCC, TRIM(HDR.CHDTLA) as CHDTLA, TRIM(HDR.CHERTS) as CHERTS, TRIM(HDR.CHFCEX) as CHFCEX, TRIM(HDR.CHFOB) as CHFOB, TRIM(HDR.CHGLCD) as CHGLCD, TRIM(HDR.CHGORD) as CHGORD, TRIM(HDR.CHNO) as CHNO, TRIM(HDR.CHNOAK) as CHNOAK, TRIM(HDR.CHNOIV) as CHNOIV, TRIM(HDR.CHNOSD) as CHNOSD, TRIM(HDR.CHODCT) as CHODCT, TRIM(HDR.CHODDA) as CHODDA, TRIM(HDR.CHODMO) as CHODMO, TRIM(HDR.CHODYR) as CHODYR, TRIM(HDR.CHONO) as CHONO, TRIM(HDR.CHORCT) as CHORCT, TRIM(HDR.CHORDA) as CHORDA, TRIM(HDR.CHORMO) as CHORMO, TRIM(HDR.CHORYR) as CHORYR, TRIM(HDR.CHPRJ) as CHPRJ, TRIM(HDR.CHREGN) as CHREGN, TRIM(HDR.CHSAC) as CHSAC, TRIM(HDR.CHSCCD) as CHSCCD, TRIM(HDR.CHSCOT) as CHSCOT, TRIM(HDR.CHSCTC) as CHSCTC, TRIM(HDR.CHSFAX) as CHSFAX, TRIM(HDR.CHSMTX) as CHSMTX, TRIM(HDR.CHSORT) as CHSORT, TRIM(HDR.CHSPHO) as CHSPHO, TRIM(HDR.CHSSEQ) as CHSSEQ, TRIM(HDR.CHSTAT) as CHSTAT, TRIM(HDR.CHSTCN) as CHSTCN, TRIM(HDR.CHSTS) as CHSTS, TRIM(HDR.CHTER) as CHTER, TRIM(HDR.CHWHAR) as CHWHAR, TRIM(HDR.CMBAD1) as CMBAD1, TRIM(HDR.CMBAD2) as CMBAD2, TRIM(HDR.CMBAD3) as CMBAD3, TRIM(HDR.CMBAD4) as CMBAD4, TRIM(HDR.CMBAD5) as CMBAD5, TRIM(HDR.CMBEML) as CMBEML, TRIM(HDR.CMBNAM) as CMBNAM, TRIM(HDR.CMBOSP) as CMBOSP, TRIM(HDR.CMBZIP) as CMBZIP, TRIM(HDR.CMDISC) as CMDISC, TRIM(HDR.CMDSCD) as CMDSCD, TRIM(HDR.CMPRON) as CMPRON, TRIM(HDR.CMPTIV) as CMPTIV, TRIM(HDR.CMPTSP) as CMPTSP, TRIM(HDR.CMSAD1) as CMSAD1, TRIM(HDR.CMSAD2) as CMSAD2, TRIM(HDR.CMSAD3) as CMSAD3, TRIM(HDR.CMSAD4) as CMSAD4, TRIM(HDR.CMSAD5) as CMSAD5, TRIM(HDR.CMSCOD) as CMSCOD, TRIM(HDR.CMSEML) as CMSEML, TRIM(HDR.CMSLSM) as CMSLSM, TRIM(HDR.CMSNAM) as CMSNAM, TRIM(HDR.CMSPCN) as CMSPCN, TRIM(HDR.CMSPCT) as CMSPCT, TRIM(HDR.CMSPMT) as CMSPMT, TRIM(HDR.CMSZIP) as CMSZIP, TRIM(HDR.CMTAX1) as CMTAX1, TRIM(HDR.CMTAX2) as CMTAX2, TRIM(HDR.CMTAX3) as CMTAX3, TRIM(HDR.CMTAX4) as CMTAX4, TRIM(HDR.CMTRMS) as CMTRMS, TRIM(HDR.CUSTFC) as CUSTFC FROM KBM400DTA.FHHDRMST HDR WHERE TRIM(HDR.CHCO) IN ('212', '530', '281') AND TRIM(HDR.CHORYR) >= 16 "
            },
            "preCopyScript": {
                "type": "String",
                "defaultValue": "Update HDR SET HDR.status = 'I' FROM tbl_FHHDRMST_US_CH_Stage HDR WHERE HDR.CHCO IN ('212', '530', '281') AND HDR.CHORYR >= 16 "
            },
            "server": {
                "type": "String",
                "defaultValue": "US"
            },
            "keyColumns": {
                "type": "Array",
                "defaultValue": [
                    "CHCO",
                    "CHONO",
                    "CHNO"
                ]
            }
        }
}