{
    "name": "PL_UK_RF_JMSMPMP_Incremental",
    "parameters": {
            "runDateJulian": {
                "type": "string",
                "defaultValue": "1160101"
            },
            "source": {
                "type": "string",
                "defaultValue": "CRS_STMDTA.JMSMPMP"
            },
            "table": {
                "type": "string",
                "defaultValue": "tbl_JMSMPMP_RF_Stage"
            },
            "location": {
                "type": "string",
                "defaultValue": "UK"
            },
            "bu": {
                "type": "string",
                "defaultValue": "RF"
            },
			"insertIntoAudit": {
                "type": "string",
                "defaultValue": "Insert into tbl_Audit (pipelineName, pipelineDateRun,src,tableName,lastUpdated,status,location,rowsRead,rowsCopied) values ("
            },
            "selectFrom": {
                "type": "String",
                "defaultValue": "Select 
                trim(SMRECN) as SMRECN,trim(SMRSPL) as SMRSPL,trim(SMBYPD) as SMBYPD,trim(SMSMPN) as SMSMPN,trim(SMMODS) as SMMODS
                ,SMISGW as SMISGW,trim(SMISGU) as SMISGU,SMISTW as SMISTW,trim(SMISTU) as SMISTU
                ,SMISNW as SMISNW,trim(SMISNU) as SMISNU,SMWAJB as SMWAJB,trim(SMUWAD) as SMUWAD
                ,trim(SMFUME) as SMFUME,SMMLLW as SMMLLW,trim(SMUWML) as SMUWML,SMMLLP as SMMLLP
                ,SMMTTW as SMMTTW,trim(SMTMWU) as SMTMWU,SMAGNM as SMAGNM,trim(SMAGUM) as SMAGUM
                ,trim(SMCALD) as SMCALD,trim(SMSIGS) as SMSIGS,trim(SMSIGJ) as SMSIGJ
                ,trim(SMBMCS) as SMBMCS,trim(SMDBSM) as SMDBSM
                ,trim(SMSLGD) as SMSLGD,trim(SMSLDT) as SMSLDT,trim(SMRSMN) as SMRSMN
                ,SMRSMW as SMRSMW,trim(SMRSUW) as SMRSUW,trim(SMRFSN) as SMRFSN
                ,SMRFSW as SMRFSW,trim(SMRFUW) as SMRFUW,trim(SMRVSN) as SMRVSN
                ,SMRVSW as SMRVSW,trim(SMRVUW) as SMRVUW,trim(SMLSNO) as SMLSNO
                ,SMLSWT as SMLSWT,trim(SMLSUN) as SMLSUN,trim(SMASRQ) as SMASRQ
                ,SMCNWT as SMCNWT
                ,trim(SMCOMU) as SMCOMU,trim(SMSMPC) as SMSMPC,trim(SMPGM) as SMPGM,trim(SMSDT) as SMSDT
                ,trim(SMSTM) as SMSTM,trim(SMUSR) as SMUSR,trim(SMMDF) as SMMDF,trim(SMCNV) as SMCNV
                from STMDTA.JMSMPMP T, STMDTA.JMRECDP RD
                where trim(T.SMRECN)=trim(RD.RDRECN)
                and trim(T.SMRSPL)=trim(RD.RDRSPL)
                and trim(RD.RDRECD) >= "
            },
             "keyColumns": {
             "type": "Array",
              "defaultValue": [
                "SMRECN",
                "SMRSPL",
                "SMMODS",
                "SMBYPD",
                "bu"
              ]
            },
            "preCopyScript": {
                "type": "String",
                "defaultValue": "Update T SET T.status = 'I' FROM tbl_JMSMPMP_RF_Stage T inner join tbl_JMRECDP_RF_Stage RD on T.SMRECN = RD.RDRECN and T.SMRSPL = RD.RDRSPL and RD.RDRECD >= "
                
            },
            "server": {
                "type": "String",
                "defaultValue": "5HA"
            }
        }
}