{
  "name": "PL_US_RF_KBMWWDTA_JMJOBEPP_Full",
  "parameters": {
    "runETLJulian": {
      "type": "string",
      "defaultValue": "116000"
    },
    "source": {
      "type": "string",
      "defaultValue": "KBM_KBMWWDTA.JMJOBEPP"
    },
    "table": {
      "type": "string",
      "defaultValue": "tbl_JMJOBEPP_US_RF_Stage"
    },
    "location": {
      "type": "string",
      "defaultValue": "US"
    },
    "compid": {
      "type": "string",
      "defaultValue": "('311')"
    },
    "bu": {
      "type": "string",
      "defaultValue": "NM"
    },
    "selectFrom": {
      "type": "String",
      "defaultValue": "select trim(JERECN) as JERECN,	trim(JERSPL) as JERSPL,	trim(JEBYPD) as JEBYPD,	trim(JEELEM) as JEELEM,	trim(JESEQK) as JESEQK,	trim(JEELSQ) as JEELSQ,	trim(JEELTP) as JEELTP,	 REPLACE(LTRIM(REPLACE(TRIM(JECUSJ), '0', ' ')), ' ', '0') as  JECUSJ,	trim(JELTIM) as JELTIM,	trim(JEDDAT) as JEDDAT,	trim(JEUNWT) as JEUNWT,	trim(JEESTW) as JEESTW,	trim(JEEXWT) as JEEXWT,	trim(JEVWGT) as JEVWGT,	trim(JEPQTY) as JEPQTY,	trim(JEWGTD) as JEWGTD,	trim(JEWGTP) as JEWGTP,	trim(JEC100) as JEC100,	trim(JEACYN) as JEACYN,	trim(JERPLC) as JERPLC,	trim(JERTPC) as JERTPC,	trim(JEPRFE) as JEPRFE,	trim(JECFRE) as JECFRE,	trim(JEEVAL) as JEEVAL,	trim(JEPRCE) as JEPRCE from KBMWWDTA.JMJOBEPP"

    },
    "preCopyScript": {
      "defaultValue": "delete from  tbl_JMJOBEPP_US_RF_Stage where bu = 'NM' ",
      "type": "String"
    }
  }
}  