{
    "name": "PL_UK_CH_FHHDRMST_Full",
    "parameters": {
            "runDateJulian": {
                "type": "string",
                "defaultValue": "2016"
            },
            "source": {
                "type": "string",
                "defaultValue": "CH3Y2KDTA.FHHDRMST"
            },
            "table": {
                "type": "string",
                "defaultValue": "tbl_FHHDRMST_UK_CH_Stage"
            },
            "location": {
                "type": "string",
                "defaultValue": "UK"
            },
            "bu": {
                "type": "string",
                "defaultValue": "CH"
            },
			"insertIntoAudit": {
                "type": "string",
                "defaultValue": "Insert into tbl_Audit (pipelineName, pipelineDateRun,src,tableName,lastUpdated,status,location,rowsRead,rowsCopied) values ("
            },
            "selectFrom": {
                "type": "String",
                "defaultValue": "Select
                 trim(CHCO) as CHCO
                ,trim(CHSTS) as CHSTS
                ,trim(CHONO) as CHONO
                ,trim(CHNO) as CHNO
                ,trim(CMDSCD) as CMDSCD
                ,CMDISC as CMDISC
                ,trim(CHGORD) as CHGORD
                ,trim(CHSTCN) as CHSTCN
                ,trim(CHBTCN) as CHBTCN
                ,trim(CHCSPO) as CHCSPO
                ,trim(CMSLSM) as CMSLSM
                ,trim(CHODMO) as CHODMO
                ,trim(CHODDA) as CHODDA
                ,trim(CHODYR) as CHODYR
                ,trim(CHDTLA) as CHDTLA
                ,trim(CMSPMT) as CMSPMT
                ,trim(CMSPCN) as CMSPCN
                ,trim(CMPTSP) as CMPTSP
                ,trim(CMBOSP) as CMBOSP
                ,trim(CMPTIV) as CMPTIV
                ,trim(CHNOSD) as CHNOSD
                ,trim(CHNOAK) as CHNOAK
                ,trim(CHNOIV) as CHNOIV
                ,trim(CHDLSP) as CHDLSP
                ,trim(CHDLIV) as CHDLIV
                ,trim(CMTAX1) as CMTAX1
                ,trim(CMTAX2) as CMTAX2
                ,trim(CMTAX3) as CMTAX3
                ,trim(CMTAX4) as CMTAX4
                ,trim(CMSCOD) as CMSCOD
                ,CMSPCT as CMSPCT
                ,trim(CMTRMS) as CMTRMS
                ,trim(CHBCOT) as CHBCOT
                ,trim(CMBNAM) as CMBNAM
                ,trim(CMBAD1) as CMBAD1
                ,trim(CMBAD2) as CMBAD2
                ,trim(CMBAD3) as CMBAD3
                ,trim(CMBZIP) as CMBZIP
                ,trim(CHBCCD) as CHBCCD
                ,trim(CHBCTC) as CHBCTC
                ,trim(CHBAC) as CHBAC
                ,trim(CHBPHO) as CHBPHO
                ,trim(CHSORT) as CHSORT
                ,trim(CHBLCL) as CHBLCL
                ,trim(CHCRTY) as CHCRTY
                ,trim(CHSTAT) as CHSTAT
                ,trim(CHREGN) as CHREGN
                ,trim(CHTER) as CHTER
                ,trim(CHSCOT) as CHSCOT
                ,trim(CMSNAM) as CMSNAM
                ,trim(CMSAD1) as CMSAD1
                ,trim(CMSAD2) as CMSAD2
                ,trim(CMSAD3) as CMSAD3
                ,trim(CMSZIP) as CMSZIP
                ,trim(CHSCCD) as CHSCCD
                ,trim(CHSCTC) as CHSCTC
                ,trim(CHSAC) as CHSAC
                ,trim(CHSPHO) as CHSPHO
                ,trim(CHCM01) as CHCM01
                ,trim(CHCM02) as CHCM02
                ,trim(CHCM03) as CHCM03
                ,trim(CHCM04) as CHCM04
                ,trim(CHCM05) as CHCM05
                ,trim(CHCM06) as CHCM06
                ,trim(CHCM07) as CHCM07
                ,trim(CHCM08) as CHCM08
                ,trim(CHCM09) as CHCM09
                ,trim(CHCM10) as CHCM10
                ,trim(CUSTFC) as CUSTFC
                ,trim(CHORYR) as CHORYR
                ,trim(CHORMO) as CHORMO
                ,trim(CHORDA) as CHORDA
                ,trim(CHFOB) as CHFOB
                ,trim(CHACO) as CHACO
                ,trim(CHSMTX) as CHSMTX
                ,trim(CHSFAX) as CHSFAX
                ,trim(CHBFAX) as CHBFAX
                ,trim(CHCURR) as CHCURR
                ,CHFCUR as CHFCUR
                ,trim(CHWHAR) as CHWHAR
                ,trim(CHCVAT) as CHCVAT
				From CH3Y2KDTA.FHHDRMST where TRIM(CHODYR) >= '2016'"
            },
            "preCopyScript": {
                "type": "String",
                "defaultValue": "Truncate table tbl_FHHDRMST_UK_CH_Stage"
                
            },
            "server": {
                "type": "String",
                "defaultValue": "5HA"
            }
        }
}