{
    "name": "PL_US_NM_F0116_Full",
    "parameters": {
            "table": {
                "type": "string",
                "defaultValue": "tbl_F0116_NM_Stage"
            },
            "source": {
                "type": "string",
                "defaultValue": "JDE_PJDEMDTA.F0116"
            },
            "location": {
                "type": "string",
                "defaultValue": "US"
            },
            "bu": {
                "type": "string",
                "defaultValue": "NM"
            },
            "selectFrom": {
                "type": "String",
                "defaultValue": "Select REPLACE(LTRIM(REPLACE(ALAN8, '0', ' ')), ' ', '0') as  ALAN8, trim(ALEFTB) as  ALEFTB, trim(ALEFTF) as  ALEFTF, trim(ALADD1) as  ALADD1, trim(ALADD2) as  ALADD2, trim(ALADD3) as  ALADD3, trim(ALADD4) as  ALADD4, trim(ALADDZ) as  ALADDZ, trim(ALCTY1) as  ALCTY1, trim(ALCOUN) as  ALCOUN, trim(ALADDS) as  ALADDS, trim(ALCRTE) as  ALCRTE, trim(ALBKML) as  ALBKML, trim(ALCTR) as  ALCTR, trim(ALUSER) as  ALUSER, trim(ALPID) as  ALPID, trim(ALUPMJ) as  ALUPMJ, trim(ALJOBN) as  ALJOBN, trim(ALUPMT) as  ALUPMT From PJDEMDTA.F0116 INNER JOIN PJDEMDTA.F0101 ON REPLACE(LTRIM(REPLACE(TRIM(ABAN8), '0', ' ')), ' ', '0')=REPLACE(LTRIM(REPLACE(TRIM(ALAN8), '0', ' ')), ' ', '0') where REPLACE(LTRIM(REPLACE(TRIM(ABMCU), '0', ' ')), ' ', '0') = '315'"
            },
            "preCopyScript": {
                "type": "String",
                "defaultValue": "delete from tbl_F0116_NM_Stage where location= 'US' and bu='NM'"
            },
            "server": {
                "type": "String",
                "defaultValue": "US"
            }
        }
}