{
    "name": "PL_US_RF_KBMWDDTA_JMJOBEPP_Incremental",
        "parameters": {
            "runETLJulian": {
                "type": "string",
                "defaultValue": "116000"
            },
          "source": {
            "type": "string",
            "defaultValue": "KBM_KBMWDDTA.JMJOBEPP"
          },
          "table": {
            "type": "string",
            "defaultValue": "tbl_JMJOBEPP_US_RF_Stage"
          },
            "location": {
                "type": "string",
                "defaultValue": "US"
            },
            "compid": {
                "type": "string",
                "defaultValue": "('281')"
            },
            "bu": {
                "type": "string",
                "defaultValue": "RF"
            },
            "selectFrom": {
            "type": "String",
            "defaultValue": "select trim(JERECN) as JERECN,	trim(JERSPL) as JERSPL,	trim(JEBYPD) as JEBYPD,	trim(JEELEM) as JEELEM,	trim(JESEQK) as JESEQK,	trim(JEELSQ) as JEELSQ,	trim(JEELTP) as JEELTP,	 REPLACE(LTRIM(REPLACE(TRIM(JECUSJ), '0', ' ')), ' ', '0') as  JECUSJ,	trim(JELTIM) as JELTIM,	trim(JEDDAT) as JEDDAT,	trim(JEUNWT) as JEUNWT,	trim(JEESTW) as JEESTW,	trim(JEEXWT) as JEEXWT,	trim(JEVWGT) as JEVWGT,	trim(JEPQTY) as JEPQTY,	trim(JEWGTD) as JEWGTD,	trim(JEWGTP) as JEWGTP,	trim(JEC100) as JEC100,	trim(JEACYN) as JEACYN,	trim(JERPLC) as JERPLC,	trim(JERTPC) as JERTPC,	trim(JEPRFE) as JEPRFE,	trim(JECFRE) as JECFRE,	trim(JEEVAL) as JEEVAL,	trim(JEPRCE) as JEPRCE
                            from KBMWDDTA.JMJOBEPP, KBMWDDTA.JMPJOBDN
                             where  trim(JBRECN) = trim(JERECN) and trim(JBRSPL) = trim(JERSPL) and trim(JBLEDG) = trim(JECUSJ)"
            },
            "preCopyScript": {
             "type": "String",
            "defaultValue": "UPDATE A SET A.status = 'I'FROM tbl_JMJOBEPP_US_RF_Stage A INNER JOIN tbl_JMPJOBDN_US_RF_Stage B on B.JBRECN = A.JERECN and B.JBRSPL = A.JERSPL and B.JBLEDG = A.JECUSJ WHERE A.bu = 'RF'"
            },
             "keyColumns": {
             "type": "Array",
              "defaultValue": [
                "JERECN",
                "JERSPL",
                "JEELEM",
                "JECUSJ",
                "bu"
              ]
            },
             "server": {
             "type": "String",
             "defaultValue": "US"
    }
  }
}