{
		"name": "PL_UK_CH_F0116_Full",
        "parameters": {
            "table": {
                "type": "string",
                "defaultValue": "tbl_F0116_CH_Stage"
            },
            "source": {
                "type": "string",
                "defaultValue": "JDE_MACR7DTA.F0116"
            },
            "location": {
                "type": "string",
                "defaultValue": "UK"
            },
            "bu": {
                "type": "string",
                "defaultValue": "CH"
            },
            "insertIntoAudit": {
                "type": "string",
                "defaultValue": "Insert into tbl_Audit (pipelineName, pipelineDateRun,src,tableName,lastUpdated,status,location,rowsRead,rowsCopied) values ("
            },
            "selectFrom": {
                "type": "String",
                "defaultValue": "Select REPLACE(LTRIM(REPLACE(TRIM(ALAN8), '0', ' ')), ' ', '0') as  ALAN8, trim(ALEFTB) as  ALEFTB, trim(ALEFTF) as  ALEFTF, trim(ALADD1) as  ALADD1, trim(ALADD2) as  ALADD2, trim(ALADD3) as  ALADD3, trim(ALADD4) as  ALADD4, trim(ALADDZ) as  ALADDZ, trim(ALCTY1) as  ALCTY1, trim(ALCOUN) as  ALCOUN, trim(ALADDS) as  ALADDS, trim(ALCRTE) as  ALCRTE, trim(ALBKML) as  ALBKML, trim(ALCTR) as  ALCTR, trim(ALUSER) as  ALUSER, trim(ALPID) as  ALPID, trim(ALUPMJ) as  ALUPMJ, trim(ALJOBN) as  ALJOBN, trim(ALUPMT) as  ALUPMT From MACR7DTA.F0116 INNER JOIN MACR7DTA.F0101 ON REPLACE(LTRIM(REPLACE(TRIM(ABAN8), '0', ' ')), ' ', '0')=REPLACE(LTRIM(REPLACE(TRIM(ALAN8), '0', ' ')), ' ', '0') where  REPLACE(LTRIM(REPLACE(TRIM(ABMCU), '0', ' ')), ' ', '0') = '310'"
            },
            "preCopyScript": {
                "type": "string",
                "defaultValue": "delete from tbl_F0116_CH_Stage where location= 'UK'"
            },
            "server": {
                "type": "String",
                "defaultValue": "5HA"
            }
        }
        
    }