{
    "name": "PL_US_NM_KBM400MDTA_FHOWNDTL_Incremental",
        "parameters": {
            "runETLJulian": {
                "type": "string",
                "defaultValue": "116000"
            },
            "source": {
                "type": "string",
                "defaultValue": "KBM400MDTA_FHOWNDTL"
            },
            "table": {
                "type": "string",
                "defaultValue": "tbl_FHOWNDTL_US_NM_Stage"
            },
            "location": {
                "type": "string",
                "defaultValue": "US"
            },
            "bu": {
                "type": "string",
                "defaultValue": "NM"
            },
            "compid": {
                "type": "string",
                "defaultValue": "('311')"
            },
            "selectFrom": {
                "type": "String",
                "defaultValue": "SELECT TRIM(ODCO) as ODCO, TRIM(ODONO) as ODONO, TRIM(ODITM) as ODITM, TRIM(ODALOY) as ODALOY, TRIM(ODELEM) as ODELEM, TRIM(ODWGHT) as ODWGHT, TRIM(ODTNAC) as ODTNAC, TRIM(ODBLAC) as ODBLAC, TRIM(ODCODE) as ODCODE, TRIM(ODACSN) as ODACSN, TRIM(ODCTCN) as ODCTCN, TRIM(ODCTMO) as ODCTMO, TRIM(ODCTDA) as ODCTDA, TRIM(ODCTYR) as ODCTYR, TRIM(ODTIMC) as ODTIMC, TRIM(ODCRT) as ODCRT, TRIM(ODMTCN) as ODMTCN, TRIM(ODMTMO) as ODMTMO, TRIM(ODMTDA) as ODMTDA, TRIM(ODMTYR) as ODMTYR, TRIM(ODTIMM) as ODTIMM, TRIM(ODMNT) as ODMNT, TRIM(ODCGST) as ODCGST, TRIM(ODCGCN) as ODCGCN, TRIM(ODRCID) as ODRCID, TRIM(ODPCT) as ODPCT, TRIM(ODSEQ) as ODSEQ, TRIM(ODSORT) as ODSORT, TRIM(ODSWG) as ODSWG, TRIM(ODSWGT) as ODSWGT, TRIM(ODSWGA) as ODSWGA, TRIM(ODIWG) as ODIWG, TRIM(ODIWGT) as ODIWGT, TRIM(ODIWGA) as ODIWGA 
                FROM KBM400MDTA.FHOWNDTL 
                INNER JOIN KBM400DTA.FHHDRMST HDR
                ON TRIM(ODCO) = TRIM(HDR.CHCO) 
                    AND TRIM(HDR.CHONO) = TRIM(ODONO) 
                WHERE TRIM(ODCO) IN ('311') and TRIM(ODCTYR) >= 16 "
            },
            "preCopyScript": {
                "type": "String",
                "defaultValue": "Update OWN SET OWN.status = 'I' FROM tbl_FHOWNDTL_US_NM_Stage OWN INNER JOIN tbl_FHHDRMST_US_NM_Stage HDR ON OWN.ODCO = HDR.CHCO AND HDR.CHONO = OWN.ODONO AND HDR.CHCO in ('311') AND HDR.CHORYR >= 16 "
            },
            "keyColumns": {
                "type": "Array",
                "defaultValue": [
                    "ODCO",
                    "ODONO",
                    "ODITM",
                    "ODELEM",
                    "ODALOY",
                    "ODRCID"
                ]
            },"server": {
                "type": "String",
                "defaultValue": "US"
            }
        }
}