{
  "name": "PL_US_RF_KBMWDDTA_JMSTUSP_Full",
  "parameters": {
    "runETLJulian": {
      "type": "string",
      "defaultValue": "116000"
    },
    "source": {
      "type": "string",
      "defaultValue": "KBM_KBMWDDTA.JMSTUSP"
    },
    "table": {
      "type": "string",
      "defaultValue": "tbl_JMSTUSP_US_RF_Stage"
    },
    "location": {
      "type": "string",
      "defaultValue": "US"
    },
    "compid": {
      "type": "string",
      "defaultValue": "('281')"
    },
    "bu": {
      "type": "string",
      "defaultValue": "RF"
    },
    "selectFrom": {
      "type": "String",
      "defaultValue": "select trim(STRECN) as STRECN,	trim(STRSPL) as STRSPL,	trim(STBYPD) as STBYPD,	trim(STDTES) as STDTES,	trim(STSTME) as STSTME,	trim(STSJBN) as STSJBN,	trim(STSTLC) as STSTLC,	trim(STSTAT) as STSTAT,	trim(STTTLC) as STTTLC,	trim(STTTAT) as STTTAT,	trim(STUSER) as STUSER,	trim(STSREF) as STSREF,	REPLACE(LTRIM(REPLACE(TRIM(STLEDG), '0', ' ')), ' ', '0') as  STLEDG from KBMWDDTA.JMSTUSP"
    },
    "preCopyScript": {
      "defaultValue": "delete from  tbl_JMSTUSP_US_RF_Stage where bu = 'RF' ",
      "type": "String"
    }
  }
}  