{
    "name": "PL_US_RF_KBMWDDTA_LOGMSTV0_Incremental",
        "parameters": {
            "runETLJulian": {
                "type": "string",
                "defaultValue": "116000"
            },
          "source": {
            "type": "string",
            "defaultValue": "KBM_KBMWDDTA.LOGMSTV0"
          },
          "table": {
            "type": "string",
            "defaultValue": "tbl_LOGMSTV0_US_RF_Stage"
          },
            "location": {
                "type": "string",
                "defaultValue": "US"
            },
            "compid": {
                "type": "string",
                "defaultValue": "('281')"
            },
            "bu": {
                "type": "string",
                "defaultValue": "RF"
            },
            "selectFrom": {
            "type": "String",
            "defaultValue": "select trim(LMLOGNUM) as LMLOGNUM, trim(LMLOGSPL) as LMLOGSPL, REPLACE(LTRIM(REPLACE(TRIM(LMTRMLDG), '0', ' ')), ' ', '0') as  LMTRMLDG, trim(LMCUSSMP) as LMCUSSMP, trim(LMWITFLG) as LMWITFLG, trim(LMRCVUMS) as LMRCVUMS, trim(LMRCVWTN) as LMRCVWTN, trim(LMCUSREF) as LMCUSREF, trim(LMCSMWGT) as LMCSMWGT, trim(LMCONDSC) as LMCONDSC, trim(LMNUMCON) as LMNUMCON, trim(LMDRYWGT) as LMDRYWGT, trim(LMMSTFCT) as LMMSTFCT,  trim(LMRLSDAT) AS LMRLSDAT, trim(LMSMPDAT) AS LMSMPDAT, REPLACE(LTRIM(REPLACE(TRIM(LMCUSALP), '0', ' ')), ' ', '0') as  LMCUSALP
                            from KBMWDDTA.LOGMSTV0, KBMWDDTA.JMPJOBDN 
                             where trim(JBRECN) = trim(LMLOGNUM) and trim(JBRSPL) = trim(LMLOGSPL) and trim(JBLEDG) =  trim(LMCUSALP)"
 
            },
            "preCopyScript": {
             "type": "String",
            "defaultValue": "UPDATE A SET A.status = 'I'FROM tbl_LOGMSTV0_US_RF_Stage A INNER JOIN tbl_JMPJOBDN_US_RF_Stage B on B.JBRECN = A.LMLOGNUM and B.JBRSPL = A.LMLOGSPL and B.JBLEDG =  A.LMCUSALP and B.bu = A.bu WHERE A.bu = 'RF' "
            },
             "keyColumns": {
             "type": "Array",
              "defaultValue": [
                "LMLOGNUM",
                "LMLOGSPL",
                "LMCUSALP",
                "bu"
              ]
            },
             "server": {
             "type": "String",
             "defaultValue": "US"
    }
  }
}