{
    "name": "PL_UK_RF_PRSLOTP_Incremental",
    "parameters": {
            "runDateJulian": {
                "type": "string",
                "defaultValue": "2016-01-01"
            },
            "source": {
                "type": "string",
                "defaultValue": "CRS_STMDTA.PRSLOTP"
            },
            "table": {
                "type": "string",
                "defaultValue": "tbl_PRSLOTP_RF_Stage"
            },
            "location": {
                "type": "string",
                "defaultValue": "UK"
            },
            "bu": {
                "type": "string",
                "defaultValue": "RF"
            },
			"insertIntoAudit": {
                "type": "string",
                "defaultValue": "Insert into tbl_Audit (pipelineName, pipelineDateRun,src,tableName,lastUpdated,status,location,rowsRead,rowsCopied) values ("
            },
            "selectFrom": {
                "type": "String",
                "defaultValue": "Select 
					 PLLTNO as PLLTNO
					,PLRECN as PLRECN
					,trim(PLLEDG) as PLLEDG
					,trim(PLCUST) as PLCUST
					,trim(PLCREF) as PLCREF
					,trim(PLOCNM) as PLOCNM
					,trim(PLOSPR) as PLOSPR
					,trim(PLSHRF) as PLSHRF
					,trim(PLTMRF) as PLTMRF
					,trim(PLCARR) as PLCARR
					,trim(PLMATD) as PLMATD
					,trim(PLPRST) as PLPRST
					,trim(PLCONT) as PLCONT
					,PLCTNO as PLCTNO
					,trim(PLORGM) as PLORGM
					,trim(PLTNRF) as PLTNRF
					,trim(PLTSRF) as PLTSRF
					,PLAWTG as PLAWTG
					,trim(PLADVU) as PLADVU
					,PLAWTN as PLAWTN
					,PLLGTS as PLLGTS
					,trim(PLLGUS) as PLLGUS
					,PLAUTS as PLAUTS
					,trim(PLAUUS) as PLAUUS
					,PLRCTS as PLRCTS
					,PLCNTS as PLCNTS
					,trim(PLCNUS) as PLCNUS
					,PLSHDT as PLSHDT
					,PLEADT as PLEADT
					,trim(PLARFG) as PLARFG
					,trim(PLRMC) as PLRMC
					,trim(PLWPTY) as PLWPTY
					,trim(PLCONA) as PLCONA
					,trim(PLNSPL) as PLNSPL
					,trim(PLLTCD) as PLLTCD
					,PLSMLT as PLSMLT
					,PLASLT as PLASLT
					,PLMSDN as PLMSDN
					,trim(PLIREL) as PLIREL
					,trim(PLREPB) as PLREPB
					,PLRDDT as PLRDDT
					,PLANWT as PLANWT
					,trim(PLANUM) as PLANUM
					,trim(PLAWFG) as PLAWFG
					,PLESWT as PLESWT
					,PLESRW as PLESRW
					,trim(PLESRU) as PLESRU
					,PLMOIP as PLMOIP
					,trim(PLBLRF) as PLBLRF
					,trim(PLVSNM) as PLVSNM
					,trim(PLAWRF) as PLAWRF
					,trim(PLFLNM) as PLFLNM
					,PLTMID as PLTMID
					,trim(PLTMCD) as PLTMCD
					,PLOSGW as PLOSGW
					,trim(PLOSGU) as PLOSGU
					,PLISNW as PLISNW
					,trim(PLISNU) as PLISNU
					,trim(PLSCMT) as PLSCMT
					 from STMDTA.PRSLOTP T
                where T.PLLGTS >= "
            },
             "keyColumns": {
             "type": "Array",
							"defaultValue": [
								"PLRECN",
								"PLNSPL",
								"PLLEDG",
								"bu"
							]
            },
            "preCopyScript": {
                "type": "String",
                "defaultValue": "UPDATE tbl_PRSLOTP_RF_Stage SET status = 'I' where PLLGTS >= "
                
            },
            "server": {
                "type": "String",
                "defaultValue": "5HA"
            }
        }
}