{
    "name": "PL_UK_RF_JMJCONP_Incremental",
    "parameters": {
            "runDateJulian": {
                "type": "string",
                "defaultValue": "116"
            },
            "source": {
                "type": "string",
                "defaultValue": "CRS_STMDTA.JMJCONP"
            },
            "table": {
                "type": "string",
                "defaultValue": "tbl_JMJCONP_RF_Stage"
            },
            "location": {
                "type": "string",
                "defaultValue": "UK"
            },
            "bu": {
                "type": "string",
                "defaultValue": "RF"
            },
			      "insertIntoAudit": {
                "type": "string",
                "defaultValue": "Insert into tbl_Audit (pipelineName, pipelineDateRun,src,tableName,lastUpdated,status,location,rowsRead,rowsCopied) values ("
            },
            "selectFrom": {
                "type": "String",
                "defaultValue": "Select 
                 trim(JFRECN) as JFRECN
                ,trim(JFRSPL) as JFRSPL
                ,trim(JFBYPD) as JFBYPD
                ,trim(JFELEM) as JFELEM
                ,trim(JFELSQ) as JFELSQ
                ,trim(JFCURR) as JFCURR
                ,JFC100 as JFC100
                ,trim(JFCOVF) as JFCOVF
                ,trim(JFDCLA) as JFDCLA
                ,JFEXWT as JFEXWT
                ,JFFWGT as JFFWGT
                ,JFRPLS as JFRPLS
                ,JFVALC as JFVALC
                ,JFVALP as JFVALP
                ,JFVALU as JFVALU
                ,JFVALB as JFVALB
                ,JFVLPB as JFVLPB
                ,JFVLOB as JFVLOB
                ,JFVWGT as JFVWGT
                ,JFPQTY as JFPQTY
                ,JFPLQT as JFPLQT
                ,JFPRCV as JFPRCV
                ,JFMIND as JFMIND
                ,JFMINC as JFMINC
                ,trim(JFELTP) as JFELTP
                ,JFCUSA as JFCUSA
                ,JFCUSC as JFCUSC
                ,JFUMPA as JFUMPA
                ,JFUMPC as JFUMPC
                ,JFSETA as JFSETA
                ,JFSELA as JFSELA
                ,JFSELC as JFSELC
                ,JFMEAT as JFMEAT
                ,JFMEAC as JFMEAC
                ,trim(JFPGM) as JFPGM
                ,trim(JFSDT) as JFSDT
                ,trim(JFSTM) as JFSTM
                ,trim(JFUSR) as JFUSR
                ,trim(JFMDF) as JFMDF
                ,trim(JFCNV) as JFCNV               
                from STMDTA.JMJCONP T, STMDTA.JMRECDP RD
                where trim(T.JFRECN)=trim(RD.RDRECN)
                and trim(T.JFRSPL)=trim(RD.RDRSPL)
                and trim(RD.RDRECD) >= "
            },
             "keyColumns": {
             "type": "Array",
              "defaultValue": [
                "JFRECN",
                "JFRSPL",
                "JFELEM",
                "JFBYPD",
                "bu"
              ]
            },
            "preCopyScript": {
                "type": "String",
                "defaultValue": "Update CONP SET CONP.status = 'I' FROM tbl_JMJCONP_RF_Stage CONP inner join tbl_JMRECDP_RF_Stage RD on CONP.JFRECN = RD.RDRECN and CONP.JFRSPL = RD.RDRSPL and RD.RDRECD >= "
                
            },
            "server": {
                "type": "String",
                "defaultValue": "5HA"
            }
        }
}