{
    "name": "PL_US_NM_KBM400DTA_FHINVHDR_Full",
        "parameters": {
            "runETLJulian": {
                "type": "string",
                "defaultValue": "116000"
            },
            "source": {
                "type": "string",
                "defaultValue": "KBM400DTA_FHINVHDR"
            },
            "table": {
                "type": "string",
                "defaultValue": "tbl_FHINVHDR_US_NM_Stage"
            },
            "location": {
                "type": "string",
                "defaultValue": "US"
            },
            "bu": {
                "type": "string",
                "defaultValue": "NM"
            },
            "compid": {
                "type": "string",
                "defaultValue": "('315', '310', '311')"
            },
            "selectFrom": {
                "type": "String",
                "defaultValue": "SELECT TRIM(INBAD1) as INBAD1, TRIM(INBAD2) as INBAD2, TRIM(INBAD3) as INBAD3, TRIM(INBAD4) as INBAD4, TRIM(INBAD5) as INBAD5, TRIM(INBCOT) as INBCOT, TRIM(INBILL) as INBILL, TRIM(INBNAM) as INBNAM, TRIM(INBZIP) as INBZIP, TRIM(INCURR) as INCURR, TRIM(INDISC) as INDISC, TRIM(INDSCD) as INDSCD, TRIM(INDUCT) as INDUCT, TRIM(INDUDA) as INDUDA, TRIM(INDUMO) as INDUMO, TRIM(INDUYR) as INDUYR, TRIM(INERTS) as INERTS, TRIM(INFCEX) as INFCEX, TRIM(INFOB) as INFOB, TRIM(INHCM) as INHCM, TRIM(INHCO) as INHCO, TRIM(INHCT) as INHCT, TRIM(INHCUS) as INHCUS, TRIM(INHDA) as INHDA, TRIM(INHDWN) as INHDWN, TRIM(INHMO) as INHMO, TRIM(INHNUM) as INHNUM, TRIM(INHRTA) as INHRTA, TRIM(INHSO) as INHSO, TRIM(INHSRC) as INHSRC, TRIM(INHTAX) as INHTAX, TRIM(INHTIM) as INHTIM, TRIM(INHTOT) as INHTOT, TRIM(INHVAT) as INHVAT, TRIM(INHYR) as INHYR, TRIM(INICT) as INICT, TRIM(INIDA) as INIDA, TRIM(INIMO) as INIMO, TRIM(INIYR) as INIYR, TRIM(INLSCM) as INLSCM, TRIM(INMEMO) as INMEMO, TRIM(INPAID) as INPAID, TRIM(INPO) as INPO, TRIM(INPOST) as INPOST, TRIM(INPRTI) as INPRTI, TRIM(INREFR) as INREFR, TRIM(INRFCT) as INRFCT, TRIM(INRFDA) as INRFDA, TRIM(INRFMO) as INRFMO, TRIM(INRFTM) as INRFTM, TRIM(INRFYR) as INRFYR, TRIM(INSAD1) as INSAD1, TRIM(INSAD2) as INSAD2, TRIM(INSAD3) as INSAD3, TRIM(INSAD4) as INSAD4, TRIM(INSAD5) as INSAD5, TRIM(INSCND) as INSCND, TRIM(INSCOT) as INSCOT, TRIM(INSHIP) as INSHIP, TRIM(INSMTH) as INSMTH, TRIM(INSNAM) as INSNAM, TRIM(INSZIP) as INSZIP, TRIM(INTAX1) as INTAX1, TRIM(INTAX2) as INTAX2, TRIM(INTAX3) as INTAX3, TRIM(INTAX4) as INTAX4, TRIM(INTRMS) as INTRMS, TRIM(INTYPE) as INTYPE FROM KBM400DTA.FHINVHDR WHERE TRIM(INHCO) in ('315', '310', '311') "
            },
            "preCopyScript": {
                "type": "String",
                "defaultValue": "TRUNCATE TABLE tbl_FHINVHDR_US_NM_Stage"
            },
            "server": {
                "type": "String",
                "defaultValue": "US"
            }
        }
}